Account Name,Sales Executive,ST,LMSID,LEAID,FY25 Sessions Revenue,FY25 Sessions Take,FY25 Sessions Count,FY26 Sessions Revenue,FY26 Sessions Take,FY26 Sessions Count,FY25 Closed Won Opp Count,FY25 Closed Won Net Booking,FY25 Net Invoicing,FY26 Closed Won Opp Count,FY26 Closed Won Net Booking,FY26 Net Invoicing,FY26 Open Pipeline Opp Count,FY26 Open Pipeline,FY26 Open Pipeline - Weighted,FY27 Open Pipeline Opp Count,FY27 Open Pipeline,FY27 Open Pipeline Weighted
Abbeville County School District,Melodie Blackwood,SC,17592236683731,4500690,$0.00,$0.00,0,$0.00,$0.00,0,1,"$492,000.00",$0.00,1,"$5,000.00","$2,500.00",0,$0.00,$0.00,$1.00,"$10,000.00",$0.00
Academy of God,Monica Sherwood,TN,17592238765583,,"$2,415.00",$643.50,47,$0.00,$0.00,0,1,"$60,534.32","$2,415.00",0,$0.00,$0.00,0,$0.00,$0.00,$0.00,$0.00,$0.00
Allendale School District 01,Melodie Blackwood,SC,17592246331473,4500750,"$271,117.58","$91,619.58",715,"$196,564.85","$68,034.85",505,3,"$391,231.52","$273,514.23",2,"$212,639.64","$205,029.64",1,"$35,380.30","$21,228.18",$3.00,"$310,000.00",$0.00
Alliance For Progress Charter School,Paul Sheffield,PA,17592247146384,4200039,"$14,047.02","$7,087.02",29,$0.00,$0.00,0,1,"$36,000.00","$19,047.02",0,$0.00,$0.00,0,$0.00,$0.00,$0.00,$0.00,$0.00
Amagansett Union Free School District,Rachel Reynoso,NY,17592266639512,3602880,"$1,458.60",$775.30,11,"$5,586.94","$2,483.98",55,1,"$3,315.00","$1,458.60",2,"$10,143.00","$5,748.14",0,$0.00,$0.00,$0.00,$0.00,$0.00
American International School of Bamako,Paul Sheffield,AL,17592297874892,,$0.00,$0.00,0,"$9,010.68","$4,189.75",22,0,$0.00,$0.00,1,"$53,862.04","$13,152.23",1,$0.00,$0.00,$0.00,$0.00,$0.00
American International School of Niamey,Paul Sheffield,NY,17592307562945,,$0.00,$0.00,0,$0.00,$0.00,0,0,$0.00,$0.00,0,$0.00,$0.00,0,$0.00,$0.00,$2.00,"$100,000.00","$40,000.00"
Amistad Academy District - Achievement First Charter,Brooke Fera,CT,17592295290552,0900024,$0.00,$0.00,0,$0.00,$0.00,0,0,$0.00,$0.00,0,$0.00,$0.00,1,$0.00,$0.00,$0.00,$0.00,$0.00
Amityville School District,Rachel Reynoso,NY,17592238765516,3602940,"$239,408.77","$197,752.28",579,$0.00,$0.00,0,2,"$188,000.00","$174,274.20",0,$0.00,$0.00,0,$0.00,$0.00,$0.00,$0.00,$0.00
Attica Central School District,Mike O'Donnell,NY,17592295278636,3603420,$0.00,$0.00,0,$0.00,$0.00,0,0,$0.00,$0.00,0,$0.00,$0.00,1,"$22,280.00","$8,912.00",$0.00,$0.00,$0.00
Auburn City School District,Mike O'Donnell,NY,17592297177667,3603480,"$98,217.56","$58,930.47","1,827","$79,414.26","$44,608.61","1,210",2,"$96,206.40","$96,206.40",1,"$76,663.00","$76,663.00",2,"$41,752.49","$22,701.00",$1.00,"$90,000.00","$36,000.00"
Barstow Unified School District,Monica Sherwood,CA,17592246405202,0604020,"$311,023.82","$125,481.82",637,"$1,186,957.16","$509,572.36","2,247",1,"$746,000.00","$746,000.00",1,"$2,588,397.50","$1,562,891.68",1,"$200,000.00","$20,000.00",$1.00,"$2,000,000.00","$200,000.00"
Batavia City School District,Mike O'Donnell,NY,17592246348796,3603990,"$301,277.34","$166,699.74","3,932","$197,802.71","$106,667.87","2,769",4,"$297,959.45","$297,959.45",1,"$250,000.00","$250,000.00",1,"$75,000.00","$45,000.00",$1.00,"$325,000.00","$130,000.00"
Bayport - Blue Point School District,Rachel Reynoso,NY,17592238765718,3604110,"$9,512.25","$6,048.20",102,"$2,341.53","$1,390.98",29,2,"$23,695.00","$9,443.93",1,"$8,500.00","$2,356.37",1,"$15,000.00","$1,500.00",$0.00,$0.00,$0.00
Beach School District 3,Tony Skauge,ND,17592309380175,3802380,$0.00,$0.00,0,$0.00,$0.00,0,0,$0.00,$0.00,0,$0.00,$0.00,1,"$22,988.00","$13,792.80",$0.00,$0.00,$0.00
Beacon City School District,Rachel Reynoso,NY,17592238765730,3604140,$0.00,$0.00,0,$0.00,$0.00,0,1,"$8,007.00","$8,007.00",1,"$9,155.20","$9,155.20",0,$0.00,$0.00,$0.00,$0.00,$0.00
Belleville School District 118,Mike O'Donnell,IL,17592296959751,1705610,$0.00,$0.00,0,$0.00,$0.00,0,0,$0.00,$0.00,0,$0.00,$0.00,1,"$10,000.00","$1,000.00",$0.00,$0.00,$0.00
Bemus Point School District,Rachel Reynoso,NY,17592297177172,3604530,"$27,405.41","$14,813.06",500,$0.00,$0.00,0,4,"$26,217.77","$26,217.77",0,$0.00,$0.00,1,"$26,217.00","$2,621.70",$0.00,$0.00,$0.00
Berkeley County School District 01,Melodie Blackwood,SC,17592283490004,4501170,$0.00,$0.00,0,"$717,469.18","$319,715.23","1,705",0,$0.00,$0.00,1,"$2,550,000.00","$274,840.70",0,$0.00,$0.00,$2.00,"$2,600,000.00","$250,000.00"
Bethpage School District,Rachel Reynoso,NY,17592246331613,3604740,$0.00,$0.00,0,$0.00,$0.00,0,1,"$7,000.00",$0.00,1,"$3,000.00",$0.00,0,$0.00,$0.00,$0.00,$0.00,$0.00
Bloom Academy Charter School,Melodie Blackwood,TX,17592295314534,4801466,$0.00,$0.00,0,$0.00,$0.00,0,0,$0.00,$0.00,1,"$7,150.00",$0.00,0,$0.00,$0.00,$1.00,$0.00,$0.00
Bloom Academy Charter School (District),Melodie Blackwood,TX,17592296996787,4801466,$0.00,$0.00,0,"$8,489.60","$5,996.85",64,0,$0.00,$0.00,1,"$8,781.90","$8,781.90",0,$0.00,$0.00,$1.00,$0.00,$0.00
Brewster School District,Kris Tedesco,NY,17592297177455,3605310,$0.00,$0.00,0,$0.00,$0.00,0,1,"$20,000.00",$0.00,0,$0.00,$0.00,0,$0.00,$0.00,$0.00,$0.00,$0.00
Bridgehampton School District,Rachel Reynoso,NY,17592273286395,3605370,$0.00,$0.00,0,$0.00,$0.00,0,0,$0.00,$0.00,1,"$4,700.00",$0.00,0,$0.00,$0.00,$0.00,$0.00,$0.00
Brooklyn High School For Law And Technology,Rachel Reynoso,NY,17592257289027,3600094,"$6,617.76","$5,765.76",12,$0.00,$0.00,0,1,"$19,441.00","$19,441.96",0,$0.00,$0.00,0,$0.00,$0.00,$0.00,$0.00,$0.00
Brooklyn High School For Music And Theater,Brooke Fera,NY,17592284313090,3600095,$0.00,$0.00,0,$0.00,$0.00,0,0,$0.00,$0.00,1,"$85,108.56",$0.00,0,$0.00,$0.00,$0.00,$0.00,$0.00
Browning Public Schools,Monica Sherwood,MT,17592246331624,,"$648,561.58","$241,684.50","1,457","$670,939.68","$232,993.68","1,511",5,"$999,800.08","$663,788.29",2,"$1,088,147.90","$697,244.96",12,"$1,028,150.22",$0.00,$1.00,"$500,000.00","$50,000.00"
Browns Elementary School District,Monica Sherwood,CA,17592296967921,0606100,$0.00,$0.00,0,"$6,108.96","$4,318.26",104,0,$0.00,$0.00,1,"$6,719.14","$6,719.14",0,$0.00,$0.00,$0.00,$0.00,$0.00
Burch Charter School of Excellence,Brooke Fera,NJ,17592294767166,3400724,$0.00,$0.00,0,"$89,873.22","$29,860.60",220,0,$0.00,$0.00,1,"$105,000.00","$90,283.60",0,$0.00,$0.00,$2.00,"$150,000.00","$60,000.00"
Burnt Hills-Ballston Lake School District,Rachel Reynoso,NY,17592297177488,3605940,$0.00,$0.00,0,$0.00,$0.00,0,1,"$8,670.00",$0.30,1,"$5,202.00","$5,202.00",0,$0.00,$0.00,$0.00,$0.00,$0.00
Butte County Office of Education,Monica Sherwood,CA,17592296967997,0691002,$0.00,$0.00,0,$0.00,$0.00,0,0,$0.00,$0.00,0,$0.00,$0.00,0,$0.00,$0.00,$1.00,"$1,500,000.00","$150,000.00"
Calhoun Falls Charter,Joy Panko,SC,17592252963497,,"$31,250.25","$11,300.25",75,$0.00,$0.00,0,1,"$33,750.25","$29,583.55",0,$0.00,$0.00,0,$0.00,$0.00,$0.00,$0.00,$0.00
Calistoga Joint Unified School District,Monica Sherwood,CA,17592238766779,0607020,"$13,942.00","$10,636.06",82,"$22,682.42","$18,026.60",171,2,"$45,037.75","$51,010.81",1,"$35,897.39","$35,897.39",0,$0.00,$0.00,$1.00,"$40,000.00","$4,000.00"
Cambridge Central School District,Rachel Reynoso,NY,17592297177558,3606210,$0.00,-$506.25,16,$0.00,$0.00,0,1,"$2,295.00","$2,295.00",0,$0.00,$0.00,0,$0.00,$0.00,$0.00,$0.00,$0.00
Camden County School District,Melodie Blackwood,GA,17592284313154,1300780,$0.00,$0.00,0,$0.00,$0.00,0,0,$0.00,$0.00,0,$0.00,$0.00,1,"$160,000.00","$64,000.00",$1.00,"$50,000.00",$0.00
Camden-Fairview School District,Paul Sheffield,AR,17592249815282,0506060,"$14,600.00","$6,900.00",40,$0.00,$0.00,0,1,"$54,275.00","$25,075.00",0,$0.00,$0.00,0,$0.00,$0.00,$0.00,$0.00,$0.00
Campbell-Savona Central School District,Mike O'Donnell,NY,17592295351382,3600020,$0.00,$0.00,0,"$67,035.00","$27,795.00",109,0,$0.00,$0.00,1,"$67,035.00","$67,035.00",0,$0.00,$0.00,$1.00,"$98,000.00","$39,200.00"
Canajoharie School District,Rachel Reynoso,NY,17592297177366,3606300,"$7,583.70","$3,983.70",90,"$115,750.18","$60,771.00","1,994",2,"$10,200.00","$10,200.00",2,"$74,608.99","$74,608.99",0,$0.00,$0.00,$1.00,"$75,000.00","$7,500.00"
Candor Central School District,Mike O'Donnell,NY,17592238766840,3606420,$0.00,$0.00,0,$0.00,$0.00,0,1,"$3,614.40","$3,614.40",0,$0.00,$0.00,0,$0.00,$0.00,$0.00,$0.00,$0.00
Carle Place School District,Rachel Reynoso,NY,17592246348242,3606540,"$28,579.97","$17,319.96",335,"$13,979.95","$8,924.20",144,1,"$40,250.00","$28,319.89",1,"$40,250.00","$4,252.49",0,$0.00,$0.00,$1.00,"$40,000.00","$4,000.00"
Cazenovia Central School District,Mike O'Donnell,NY,17592297177341,3606780,$0.00,$0.00,0,"$47,752.20","$28,704.60",180,0,$0.00,$0.00,1,"$24,969.00","$24,969.00",2,"$35,783.00","$21,469.80",$1.00,"$100,000.00","$40,000.00"
Central Regional High School,Brooke Fera,NJ,17592294773698,3402910,$0.00,$0.00,0,$0.00,$0.00,0,0,$0.00,$0.00,0,$0.00,$0.00,1,"$55,000.00","$5,500.00",$0.00,$0.00,$0.00
Central Valley School District,Melodie Blackwood,NY,17592297177309,3601087,"$39,888.86","$23,965.64",369,$0.00,$0.00,0,3,"$39,264.29","$39,264.29",0,$0.00,$0.00,0,$0.00,$0.00,$0.00,$0.00,$0.00
Chappaqua School District,Rachel Reynoso,NY,17592297177559,3606990,"$45,983.40","$25,186.99",651,"$14,961.90","$8,837.22",174,4,"$39,408.00","$45,882.72",2,"$20,000.00","$10,203.14",0,$0.00,$0.00,$0.00,$0.00,$0.00
Charlotte-Mecklenburg Schools,Melodie Blackwood,NC,17592297178293,3702970,$0.00,$0.00,0,$0.00,$0.00,0,0,$0.00,$0.00,1,"$2,837.09",$0.00,0,$0.00,$0.00,$1.00,"$50,000.00",$0.00
Chester County School District,Rachel Reynoso,SC,17592246331776,4501530,"$256,718.13","$105,261.13",574,"$66,108.90","$30,918.90",138,1,"$648,050.00","$309,773.92",1,"$647,185.00","$27,020.89",0,$0.00,$0.00,$1.00,"$250,000.00",$0.00
Chowchilla Elementary School District,Monica Sherwood,CA,17592238766914,0608520,"$40,411.25","$33,729.95",267,"$76,473.27","$59,511.10",504,1,"$181,587.00","$181,587.00",1,"$195,005.69","$195,005.68",0,$0.00,$0.00,$1.00,"$200,000.00","$20,000.00"
Clinton Community School District,Tony Skauge,IA,17592295363519,1907710,$0.00,$0.00,0,"$5,712.00","$4,488.00",34,0,$0.00,$0.00,1,"$19,992.00","$9,996.00",0,$0.00,$0.00,$1.00,"$25,000.00","$2,500.00"
Colleton County School District,Melodie Blackwood,SC,17592246331803,4501830,"$577,412.78","$215,186.78","1,542","$225,261.74","$86,932.74",535,7,"$3,384,894.55","$1,305,288.05",2,"$1,455,490.00","$345,481.15",1,"$25,000.00","$10,000.00",$5.00,"$1,480,000.00",$0.00
Columbia County Schools,Melodie Blackwood,GA,17592294631647,1301410,$0.00,$0.00,0,$0.00,$0.00,0,0,$0.00,$0.00,1,"$60,412.90",$0.00,0,$0.00,$0.00,$1.00,"$50,000.00",$0.00
Columbus Community School District,Rachel Reynoso,IA,17592252962967,1907980,"$2,914.80","$1,635.12",71,"$8,942.92","$6,456.37",116,1,"$3,603.60","$3,603.60",1,"$11,225.61","$11,225.61",0,$0.00,$0.00,$0.00,$0.00,$0.00
Comsewogue School District,Rachel Reynoso,NY,17592273442850,3615780,$0.00,$0.00,0,$0.00,$0.00,0,0,$0.00,$0.00,1,"$10,000.00",$0.00,0,$0.00,$0.00,$0.00,$0.00,$0.00
Connetquot Central School District,Rachel Reynoso,NY,17592238766924,3608160,$0.00,$0.00,0,$0.00,$0.00,0,0,$0.00,$0.00,1,"$15,000.00",$0.00,0,$0.00,$0.00,$0.00,$0.00,$0.00
Copper River School District,Paul Sheffield,AK,17592246665016,0200070,"$4,745.76","$2,069.76",12,$0.00,$0.00,0,1,"$75,000.00","$66,831.00",0,$0.00,$0.00,0,$0.00,$0.00,$0.00,$0.00,$0.00
Corning-Painted Post School District,Mike O'Donnell,NY,17592297177541,3608400,$0.00,$0.00,0,"$93,783.84","$74,139.84",183,0,$0.00,$0.00,1,"$92,701.80","$92,701.80",1,"$1,030.02",$618.01,$1.00,"$110,000.00","$44,000.00"
Crosslake Community Charter School (District),Tony Skauge,MN,17592296987277,2700218,$0.00,$0.00,0,$0.00,$0.00,0,0,$0.00,$0.00,0,$0.00,$0.00,1,"$45,000.00","$4,500.00",$0.00,$0.00,$0.00
Danville Independent Schools,Kris Tedesco,KY,17592246437275,2101440,"$95,178.24","$39,498.24",192,$0.00,$0.00,0,1,"$97,850.00","$97,850.00",0,$0.00,$0.00,0,$0.00,$0.00,$0.00,$0.00,$0.00
Darlington County School District,Joy Panko,SC,17592246426163,4501860,$0.00,$0.00,0,$0.00,$0.00,0,2,"$324,600.00",$0.00,0,$0.00,$0.00,0,$0.00,$0.00,$0.00,$0.00,$0.00
Dayton Public Schools,Hayley Spira Bauer,OH,17592284312964,3904384,$0.00,$0.00,0,$0.00,$0.00,0,0,$0.00,$0.00,0,$0.00,$0.00,1,"$25,000.00","$10,000.00",$0.00,$0.00,$0.00
Dekalb Community Unit School District 428,Mike O'Donnell,IL,17592284319560,1712000,$0.00,$0.00,0,$0.00,$0.00,0,0,$0.00,$0.00,0,$0.00,$0.00,1,"$10,000.00","$1,000.00",$0.00,$0.00,$0.00
Democracy Preparatory Charter School,Paul Sheffield,NY,17592246331829,3600158,"$23,741.34","$19,591.43",122,$0.00,$0.00,0,4,"$16,733.70","$16,041.09",0,$0.00,$0.00,0,$0.00,$0.00,$0.00,$0.00,$0.00
Department of Corrections,Paul Sheffield,DC,17592296990585,1100119,$0.00,$0.00,0,$0.00,$0.00,0,0,$0.00,$0.00,0,$0.00,$0.00,0,$0.00,$0.00,$1.00,"$100,000.00","$60,000.00"
Dolgeville Central School District,Rachel Reynoso,NY,17592297177306,3600001,"$4,839.90","$3,840.13",45,$0.00,$0.00,0,1,"$7,650.00","$7,650.00",0,$0.00,$0.00,0,$0.00,$0.00,$0.00,$0.00,$0.00
Dover Public Schools,Brooke Fera,NJ,17592284312435,3403930,$0.00,$0.00,0,$0.00,$0.00,0,0,$0.00,$0.00,0,$0.00,$0.00,1,"$50,000.00","$5,000.00",$0.00,$0.00,$0.00
Dryden School District,Rachel Reynoso,NY,17592297177565,3609330,"$16,550.67","$9,146.15",205,"$8,523.71","$5,472.64",118,2,"$16,456.53","$16,456.53",1,"$16,438.32","$16,438.32",1,$0.00,$0.00,$0.00,$0.00,$0.00
Dunkirk City School District,Mike O'Donnell,NY,17592297177177,3609420,"$10,072.99","$7,549.28",129,"$176,037.65","$113,441.32","2,476",1,"$268,953.00","$268,953.00",0,$0.00,$0.00,1,"$50,000.00","$5,000.00",$1.00,"$100,000.00","$40,000.00"
Earl Monroe New Renaissance Basketball School,Hayley Spira Bauer,NY,17592297007405,3601229,$0.00,$0.00,0,$0.00,$0.00,0,0,$0.00,$0.00,0,$0.00,$0.00,1,"$28,333.00","$2,833.30",$1.00,"$50,000.00","$5,000.00"
East Aurora Union Free,Rachel Reynoso,NY,17592238766946,3609540,"$14,648.19","$8,774.07",206,$0.00,$0.00,0,2,"$14,258.05","$14,258.05",0,$0.00,$0.00,1,"$14,648.00","$1,464.80",$0.00,$0.00,$0.00
East Bloomfield Central School District,Kris Tedesco,NY,17592297177410,3604920,"$11,959.50","$7,167.50",152,$0.00,$0.00,0,2,"$15,810.00","$15,810.00",1,"$17,738.20","$17,738.20",0,$0.00,$0.00,$1.00,"$25,000.00","$10,000.00"
East Ramapo Central School District (Spring Valley),Kris Tedesco,NY,17592297177482,3627810,$0.00,$0.00,0,"$186,345.00","$81,130.00",306,0,$0.00,$0.00,1,"$3,451,380.00","$210,330.00",32,"$3,457,380.00",$0.00,$1.00,"$448,452.00","$44,845.20"
East Williston School District,Rachel Reynoso,NY,17592246331852,3610050,"$3,055.10","$1,686.05",32,$0.00,$0.00,0,1,"$6,000.00","$3,055.11",0,$0.00,$0.00,0,$0.00,$0.00,$0.00,$0.00,$0.00
Eastern Suffolk BOCES,Paul Sheffield,NY,17592238766952,3680820,"$6,415.80","$4,686.80",51,$0.00,$0.00,0,3,"$64,784.61","$53,293.19",0,$0.00,$0.00,0,$0.00,$0.00,$0.00,$0.00,$0.00
Eastport South Manor School District,Rachel Reynoso,NY,17592246331856,3600125,"$56,095.11","$34,080.33",714,"$10,247.48","$6,362.96",112,4,"$56,000.00","$59,868.66",1,"$3,000.00",$0.00,2,"$13,379.12","$3,703.30",$0.00,$0.00,$0.00
Edison Township School District,Brooke Fera,NJ,17592284311630,3404500,$0.00,$0.00,0,$0.00,$0.00,0,0,$0.00,$0.00,0,$0.00,$0.00,1,"$90,000.00","$9,000.00",$0.00,$0.00,$0.00
Elmira City School District,Mike O'Donnell,NY,17592246331881,,"$131,118.52","$91,978.67",535,"$111,062.73","$82,684.43",642,3,"$169,258.00","$121,388.57",2,"$144,721.80","$99,064.84",0,$0.00,$0.00,$1.00,"$175,000.00","$70,000.00"
Elmira Heights Central School District,Mike O'Donnell,NY,17592295240356,3610590,$0.00,$0.00,0,$0.00,$0.00,0,0,$0.00,$0.00,1,"$25,733.13","$25,733.13",0,$0.00,$0.00,$1.00,"$50,000.00","$20,000.00"
Elmsford School District,Rachel Reynoso,NY,17592297177572,3610650,"$207,776.58","$107,849.86","1,482","$9,613.86","$5,887.06",141,3,"$184,152.00","$184,152.00",1,"$34,957.00","$34,957.00",1,"$61,446.78","$49,157.42",$0.00,$0.00,$0.00
Elmsford Union Free School District,Rachel Reynoso,NY,17592297007199,3610650,$0.00,$0.00,0,$0.00,$0.00,0,0,$0.00,$0.00,0,$0.00,$0.00,0,$0.00,$0.00,$1.00,"$65,000.00","$6,500.00"
Elwood School District,Brooke Fera,NY,17592188843869,3610680,$0.00,$0.00,0,$0.00,$0.00,0,1,"$1,989.00",$0.00,0,$0.00,$0.00,0,$0.00,$0.00,$0.00,$0.00,$0.00
Enlarged City School District of Middletown,Kris Tedesco,NY,17592297177422,3619320,"$889,142.18","$508,907.24","11,754","$795,154.04","$493,735.76","10,634",5,"$951,976.20","$951,976.20",2,"$816,445.72","$816,445.72",0,$0.00,$0.00,$2.00,"$934,554.00","$373,821.60"
Everett Public Schools,Kris Tedesco,MA,17592284311573,2504770,$0.00,$0.00,0,$0.00,$0.00,0,0,$0.00,$0.00,0,$0.00,$0.00,1,"$25,000.00","$2,500.00",$0.00,$0.00,$0.00
F.H. Jenkins Preparatory School,Monica Sherwood,TN,17592255483640,,"$5,535.00","$3,056.05",108,$0.00,$0.00,0,1,"$10,739.96","$6,187.50",0,$0.00,$0.00,0,$0.00,$0.00,$0.00,$0.00,$0.00
Falls City Public Schools,Mike O'Donnell,NE,17592254480606,3170530,"$2,327.50","$1,867.80",30,$427.50,$279.00,5,1,"$3,230.00","$3,230.00",0,$0.00,$0.00,1,"$5,000.00","$2,000.00",$0.00,$0.00,$0.00
Fayette County Public Schools,Melodie Blackwood,TN,17592246333353,4701170,"$162,634.92","$68,348.92",357,"$126,766.64","$44,931.64",286,2,"$997,500.00","$531,082.56",1,"$523,200.00","$137,166.64",0,$0.00,$0.00,$1.00,"$50,000.00",$0.00
Feather River Academy,Monica Sherwood,CA,17592283292815,0691042,$0.00,$0.00,0,"$3,893.67","$3,046.92",27,0,$0.00,$0.00,1,"$30,174.32","$30,174.32",0,$0.00,$0.00,$0.00,$0.00,$0.00
FLORENCE DISTRICT 3,Melodie Blackwood,SC,17592246333522,4502190,$347.37,$113.37,1,$0.00,$0.00,0,2,"$97,500.49",$0.00,0,$0.00,$0.00,0,$0.00,$0.00,$0.00,$0.00,$0.00
Fonda-Fultonville School District,Melodie Blackwood,NY,17592297177367,3611190,$0.00,$0.00,0,$0.00,$0.00,0,1,"$5,100.00","$5,100.00",1,"$5,202.00","$5,202.00",0,$0.00,$0.00,$0.00,$0.00,$0.00
Fort Plain Central School District,Kris Tedesco,NY,17592297177368,3611370,$0.00,$0.00,0,$0.00,$0.00,0,0,$0.00,$0.00,0,$0.00,$0.00,1,"$24,033.90","$14,420.34",$0.00,$0.00,$0.00
Fort Yates School,Tony Skauge,ND,17592293731213,3807200,$0.00,$0.00,0,$0.00,$0.00,0,0,$0.00,$0.00,0,$0.00,$0.00,1,"$45,000.00","$18,000.00",$0.00,$0.00,$0.00
Foundation Academy Charter School,Brooke Fera,NJ,17592284314124,3400717,$0.00,$0.00,0,$0.00,$0.00,0,0,$0.00,$0.00,0,$0.00,$0.00,1,"$45,000.00","$18,000.00",$0.00,$0.00,$0.00
Freeport School District,Brooke Fera,NY,17592188150289,3611550,$0.00,$0.00,0,$0.00,$0.00,0,0,$0.00,$0.00,0,$0.00,$0.00,1,"$50,000.00","$20,000.00",$0.00,$0.00,$0.00
Freer Independent School District,Melodie Blackwood,TX,17592246588732,4819820,"$57,090.00","$17,300.00",173,$0.00,$0.00,0,1,"$64,550.00","$64,550.00",0,$0.00,$0.00,0,$0.00,$0.00,$0.00,$0.00,$0.00
Fridley Public Schools,Tony Skauge,MN,17592295298834,2712420,$0.00,$0.00,0,$0.00,$0.00,0,0,$0.00,$0.00,0,$0.00,$0.00,1,"$75,000.00",$0.00,$0.00,$0.00,$0.00
Gates-Chili Central School District,Mike O'Donnell,NY,17592284318795,3611880,$0.00,$0.00,0,$0.00,$0.00,0,0,$0.00,$0.00,0,$0.00,$0.00,1,"$10,000.00","$1,000.00",$0.00,$0.00,$0.00
Geneva City School District,Kris Tedesco,NY,17592297177411,3611970,"$43,368.64","$23,800.53",694,"$46,597.96","$22,561.39",835,1,"$80,000.00","$80,000.00",0,$0.00,$0.00,0,$0.00,$0.00,$0.00,$0.00,$0.00
Georgetown County School District,Joy Panko,SC,17592246333612,4502280,"$56,828.20","$21,128.20",143,$0.00,$0.00,0,1,"$307,239.10","$61,447.82",0,$0.00,$0.00,0,$0.00,$0.00,$0.00,$0.00,$0.00
Gilboa Conesville Central,Mike O'Donnell,NY,17592238767024,3612120,"$2,239.23","$1,763.27",31,$0.00,$0.00,0,0,$0.00,$0.00,0,$0.00,$0.00,1,"$2,279.00",$911.60,$0.00,$0.00,$0.00
Girls Global Academy PCS,Rachel Reynoso,DC,17592247427906,1100113,"$13,923.90","$5,121.90",54,$0.00,$0.00,0,1,"$22,534.00","$19,955.30",0,$0.00,$0.00,0,$0.00,$0.00,$0.00,$0.00,$0.00
Globe Unified District,Hayley Spira Bauer,AZ,17592295330103,0403500,$0.00,$0.00,0,$0.00,$0.00,0,0,$0.00,$0.00,0,$0.00,$0.00,1,"$10,000.00","$1,000.00",$1.00,"$200,000.00","$20,000.00"
Gorham-Middlesex Central School District (Marcus Whitman),Rachel Reynoso,NY,17592297177412,3612300,"$1,847.11","$1,083.42",34,$0.00,$0.00,0,1,"$3,825.00","$3,825.00",0,$0.00,$0.00,1,"$3,901.50",$390.15,$0.00,$0.00,$0.00
Goshen Central School District,Kris Tedesco,NY,17592297177419,3612330,$0.00,$0.00,0,"$16,112.92","$8,832.53",243,0,$0.00,$0.00,1,"$14,566.00","$14,566.00",0,$0.00,$0.00,$1.00,"$15,000.00","$6,000.00"
Gouverneur School District,Kris Tedesco,NY,17592297177521,3612360,"$32,770.30","$19,139.25",477,"$123,622.24","$76,588.80","1,453",2,"$23,281.50","$23,281.50",2,"$92,202.78","$92,202.78",1,"$72,830.00","$43,698.00",$1.00,"$100,000.00","$40,000.00"
Grayslake Community Consolidated School District 46,Mike O'Donnell,IL,17592288602058,1717520,$0.00,$0.00,0,"$4,940.00","$2,736.00",66,0,$0.00,$0.00,2,"$7,799.94","$5,199.97",0,$0.00,$0.00,$0.00,$0.00,$0.00
Greece Central School District,Mike O'Donnell,NY,17592246333630,3612630,"$31,594.50","$24,790.30",72,"$246,672.87","$189,546.12",580,3,"$117,330.00","$117,330.00",2,"$250,133.32","$250,133.32",1,"$10,000.00","$4,000.00",$1.00,"$275,000.00","$110,000.00"
Green Island Union Free School District,Rachel Reynoso,NY,17592297177124,3612660,$0.00,$0.00,0,$0.00,$0.00,0,0,$0.00,$0.00,1,"$5,202.00","$5,202.00",0,$0.00,$0.00,$0.00,$0.00,$0.00
Greene Central School District,Mike O'Donnell,NY,17592297177195,3612750,"$8,035.09","$5,891.69",174,$497.25,$246.75,5,0,$0.00,$0.00,0,$0.00,$0.00,0,$0.00,$0.00,$0.00,$0.00,$0.00
Greenport School District,Paul Sheffield,NY,17592246983057,3612840,"$14,026.53","$8,426.03",184,$0.00,$0.00,0,1,"$25,000.00","$14,026.46",0,$0.00,$0.00,1,"$25,000.00","$2,500.00",$0.00,$0.00,$0.00
Groton School District,Mike O'Donnell,CT,17592295285398,0901770,$0.00,$0.00,0,$0.00,$0.00,0,0,$0.00,$0.00,0,$0.00,$0.00,2,"$27,000.00","$11,200.00",$0.00,$0.00,$0.00
Gwinnett County Public Schools,Melodie Blackwood,GA,17592191142284,1302550,"$1,800.00","$1,209.00",18,$0.00,$0.00,0,0,$0.00,$0.00,0,$0.00,$0.00,0,$0.00,$0.00,$0.00,$0.00,$0.00
Gwinnett Homeschool and Private School,Monica Sherwood,GA,17592252187527,,"$21,733.80","$14,306.75",280,$0.00,$0.00,0,2,"$111,161.25","$130,645.67",0,$0.00,$0.00,0,$0.00,$0.00,$0.00,$0.00,$0.00
Haldane School District,Kris Tedesco,NY,17592188843584,3613230,$0.00,$0.00,0,$0.00,$0.00,0,1,"$5,000.00",$0.00,0,$0.00,$0.00,0,$0.00,$0.00,$0.00,$0.00,$0.00
Hampton County School District,Joy Panko,SC,17592249522759,4503912,"$113,473.03","$44,889.74",275,"$1,263.18",$483.18,6,3,"$282,104.71","$129,736.21",0,$0.00,$0.00,0,$0.00,$0.00,$0.00,$0.00,$0.00
Harborfields School District,Rachel Reynoso,NY,17592246333655,3613620,"$2,725.36","$1,412.28",64,$0.00,$0.00,0,1,"$3,060.00","$2,725.34",0,$0.00,$0.00,1,"$5,305.80","$4,775.22",$0.00,$0.00,$0.00
Hauppauge School District,Paul Sheffield,NY,17592238767067,3613980,"$9,448.78","$5,040.74",147,"$37,642.99","$24,298.06",524,2,"$20,500.00","$9,448.77",3,"$46,500.00","$16,836.22",0,$0.00,$0.00,$1.00,"$46,000.00","$4,600.00"
Health Sciences Charter School,Brooke Fera,NY,17592294825592,3601022,$0.00,$0.00,0,$0.00,$0.00,0,0,$0.00,$0.00,0,$0.00,$0.00,1,"$45,000.00","$18,000.00",$0.00,$0.00,$0.00
Hempstead School District,Rachel Reynoso,NY,17592238767077,3614130,"$6,771.78","$5,845.78",17,$0.00,$0.00,0,1,"$16,250.00","$5,969.04",1,"$16,250.00",$0.00,0,$0.00,$0.00,$0.00,$0.00,$0.00
Herkimer Central School District,Kris Tedesco,NY,17592237216017,3614220,$0.00,$0.00,0,$0.00,$0.00,0,1,"$3,978.00","$3,978.00",0,$0.00,$0.00,0,$0.00,$0.00,$0.00,$0.00,$0.00
Herricks School District,Rachel Reynoso,NY,17592276059090,3614280,$0.00,$0.00,0,$0.00,$0.00,0,1,"$7,250.00",$0.00,1,"$2,500.00",$0.00,0,$0.00,$0.00,$0.00,$0.00,$0.00
Hewlett Woodmere School District,Rachel Reynoso,NY,17592242651142,3631710,"$9,545.40","$7,464.45",68,$0.00,$0.00,0,2,"$32,500.00","$4,972.50",1,"$32,500.00",$0.00,0,$0.00,$0.00,$0.00,$0.00,$0.00
Hicksville School District,Paul Sheffield,NY,17592191955120,3614340,$0.00,$0.00,0,$0.00,$0.00,0,1,"$22,500.00",$0.00,0,$0.00,$0.00,0,$0.00,$0.00,$0.00,$0.00,$0.00
Highland Falls-Fort Montgomery Central School District,Kris Tedesco,NY,17592297177420,3614430,$0.00,$0.00,0,"$7,958.70","$4,945.33",90,0,$0.00,$0.00,1,"$16,646.00","$16,646.00",0,$0.00,$0.00,$1.00,"$20,000.00","$8,000.00"
Homer Central School District,Rachel Reynoso,NY,17592273256006,3614640,$0.00,$0.00,0,"$21,753.78","$13,412.07",107,0,$0.00,$0.00,4,"$21,395.07","$21,395.07",0,$0.00,$0.00,$0.00,$0.00,$0.00
Honeoye Central School District,Melodie Blackwood,NY,17592297177465,3614670,$21.88,$10.88,1,"$31,215.56","$18,878.17",310,1,"$27,030.00","$27,030.00",1,"$6,481.87","$6,481.87",1,$0.00,$0.00,$0.00,$0.00,$0.00
Honeoye Falls-Lima School District,Mike O'Donnell,NY,17592188052967,3614700,$0.00,$0.00,0,$0.00,$0.00,0,1,"$7,499.30","$7,499.30",0,$0.00,$0.00,0,$0.00,$0.00,$0.00,$0.00,$0.00
Hornell City School District,Mike O'Donnell,NY,17592284311842,3614820,$0.00,$0.00,0,$0.00,$0.00,0,0,$0.00,$0.00,0,$0.00,$0.00,1,"$10,000.00","$1,000.00",$0.00,$0.00,$0.00
Invent Learning Hub,Mike O'Donnell,IN,17592250100173,1800207,"$4,200.00","$2,360.00",52,$0.00,$0.00,0,1,"$4,160.00","$4,160.00",0,$0.00,$0.00,1,"$5,000.00",$500.00,$0.00,$0.00,$0.00
Irvington Township School District,Brooke Fera,NJ,17592295210540,3407680,$0.00,$0.00,0,$0.00,$0.00,0,0,$0.00,$0.00,0,$0.00,$0.00,1,"$25,000.00","$10,000.00",$0.00,$0.00,$0.00
Islip School District,Rachel Reynoso,NY,17592246348335,3615540,$0.00,$0.00,0,$0.00,$0.00,0,1,"$20,000.00",$0.00,1,"$10,000.00",$0.00,0,$0.00,$0.00,$0.00,$0.00,$0.00
Ithaca City School District,Mike O'Donnell,NY,17592297177597,3615570,"$37,728.52","$21,752.07",547,"$23,627.09","$12,465.81",353,9,"$81,204.31","$81,204.31",1,"$81,204.00","$81,204.00",1,"$61,000.00","$6,100.00",$1.00,"$75,000.00","$30,000.00"
Jackson County Schools,Melodie Blackwood,WV,17592241754487,5400540,"$1,938.00","$1,186.50",25,$0.00,$0.00,0,0,$0.00,$0.00,0,$0.00,$0.00,0,$0.00,$0.00,$0.00,$0.00,$0.00
Jamestown Public Schools,Mike O'Donnell,NY,17592297177182,3615630,"$31,879.33","$17,890.49",446,"$12,857.65","$6,783.27",199,1,"$31,467.00","$31,467.00",1,"$10,399.15","$10,399.15",1,"$20,000.00","$8,000.00",$1.00,"$25,000.00","$10,000.00"
Jamesville-Dewitt Central School District,Mike O'Donnell,NY,17592297177395,3609090,$0.00,$0.00,0,$0.00,$0.00,0,0,$0.00,$0.00,0,$0.00,$0.00,1,"$25,000.00","$10,000.00",$0.00,$0.00,$0.00
Jericho School District,Rachel Reynoso,NY,17592236334881,3615810,"$14,947.02","$7,906.21",82,"$38,893.74","$20,229.29",407,3,"$13,770.00","$13,770.00",1,"$59,000.00","$24,065.12",0,$0.00,$0.00,$1.00,"$60,000.00","$6,000.00"
Jersey City School District,Brooke Fera,NJ,17592284311121,3407830,$0.00,$0.00,0,$0.00,$0.00,0,0,$0.00,$0.00,0,$0.00,$0.00,1,"$80,000.00","$32,000.00",$0.00,$0.00,$0.00
Katonah-Lewisboro School District,Rachel Reynoso,NY,17592297177599,3616080,"$23,951.82","$13,609.02",389,"$10,006.68","$5,647.40",142,3,"$13,500.00","$23,946.59",3,"$9,500.00","$7,389.33",1,"$5,000.00","$2,000.00",$0.00,$0.00,$0.00
Kingman Unified School District,Hayley Spira Bauer,AZ,17592295346626,0400295,$0.00,$0.00,0,"$26,594.62","$15,191.31",321,0,$0.00,$0.00,1,"$14,713.69",$0.00,1,$0.00,$0.00,$1.00,"$49,999.98","$5,000.00"
Kingston City School District,Kris Tedesco,NY,17592297177600,3616290,"$76,259.35","$44,589.85",987,"$16,984.32","$9,054.32",252,5,"$75,969.60","$75,969.60",1,"$48,768.75","$48,768.75",0,$0.00,$0.00,$1.00,"$50,000.00","$20,000.00"
Kipp Memphis Collegiate Schools,Hayley Spira Bauer,GA,17592295280578,,$0.00,$0.00,0,$0.00,$0.00,0,0,$0.00,$0.00,0,$0.00,$0.00,1,"$50,000.00",$0.00,$0.00,$0.00,$0.00
Kipp Metro Atlanta Schools,Hayley Spira Bauer,GA,17592297003457,,$0.00,$0.00,0,$0.00,$0.00,0,0,$0.00,$0.00,0,$0.00,$0.00,1,"$50,000.00","$5,000.00",$1.00,"$200,000.00","$20,000.00"
Konocti Unified School District,Monica Sherwood,CA,17592246333664,0620070,"$414,111.50","$168,321.50",797,"$287,784.55","$114,995.55",521,3,"$779,777.00","$615,178.84",1,"$686,565.90","$686,565.90",0,$0.00,$0.00,$1.00,"$450,000.00","$45,000.00"
Lackawanna City School District,Mike O'Donnell,NY,17592284310188,3616440,$0.00,$0.00,0,$0.00,$0.00,0,0,$0.00,$0.00,0,$0.00,$0.00,1,"$50,000.00",$0.00,$0.00,$0.00,$0.00
Lake Havasu Unified District,Hayley Spira Bauer,AZ,17592295297094,0404280,$0.00,$0.00,0,"$50,103.20","$24,803.20",92,0,$0.00,$0.00,1,"$57,200.64","$55,566.84",0,$0.00,$0.00,$1.00,"$119,999.97","$12,000.00"
Lake Park Audubon School District,Tony Skauge,MN,17592295333446,2700162,$0.00,$0.00,0,$0.00,$0.00,0,0,$0.00,$0.00,0,$0.00,$0.00,1,"$35,000.00","$14,000.00",$0.00,$0.00,$0.00
Lakeland School District,Rachel Reynoso,NY,17592297177602,3616620,"$45,997.98","$25,655.45",612,"$7,747.83","$3,366.66",91,6,"$40,695.00","$45,784.90",1,"$8,000.00","$6,366.72",1,"$5,000.00",$500.00,$0.00,$0.00,$0.00
Lancaster County School District 01,Joy Panko,SC,17592247426970,4502580,"$54,189.85","$20,393.85",143,$0.00,$0.00,0,1,"$77,150.00","$62,371.45",0,$0.00,$0.00,1,"$29,094.87","$17,456.92",$1.00,"$80,000.00",$0.00
Lancaster County School District 1,Tony Skauge,NE,17592295270937,,$0.00,$0.00,0,$0.00,$0.00,0,0,$0.00,$0.00,0,$0.00,$0.00,1,"$29,094.87",$0.00,$1.00,"$25,000.00",$0.00
Lancaster School District,Mike O'Donnell,NY,17592188114457,3616680,$0.00,$0.00,0,$0.00,$0.00,0,0,$0.00,$0.00,0,$0.00,$0.00,1,"$25,000.00","$2,500.00",$0.00,$0.00,$0.00
Lawrence Union Free School District,Paul Sheffield,NY,17592297178284,3616830,"$79,377.83","$67,633.15",313,$0.00,$0.00,0,3,"$220,840.00","$68,096.41",0,$0.00,$0.00,0,$0.00,$0.00,$0.00,$0.00,$0.00
Lemont Township High School District 210,Mike O'Donnell,IL,17592284319646,1722500,$0.00,$0.00,0,"$10,051.60","$6,619.60",104,0,$0.00,$0.00,1,"$17,679.99","$2,380.00",0,$0.00,$0.00,$0.00,$0.00,$0.00
Lewiston Elementary School District,Monica Sherwood,CA,17592285897083,0621480,$0.00,$0.00,0,"$12,448.00","$4,288.00",32,0,$0.00,$0.00,1,"$140,853.28","$70,426.64",0,$0.00,$0.00,$0.00,$0.00,$0.00
Lewiston-Porter Central School District,Mike O'Donnell,NY,17592297177370,3617190,"$23,749.66","$13,802.83",362,$0.00,$0.00,0,2,"$49,206.80","$49,206.80",0,$0.00,$0.00,0,$0.00,$0.00,$0.00,$0.00,$0.00
LEXINGTON DISTRICT 1,Joy Panko,SC,17592188843690,4502700,"$165,472.65","$60,751.65",393,"$36,161.44","$13,087.44",83,1,"$251,500.00","$164,394.75",1,"$39,764.62","$43,685.74",0,$0.00,$0.00,$1.00,"$120,000.00",$0.00
Liberty School District,Kris Tedesco,NY,17592297177605,3617220,"$8,485.48","$4,998.98",91,$0.00,$0.00,0,1,"$9,000.00","$9,000.00",0,$0.00,$0.00,0,$0.00,$0.00,$0.00,$0.00,$0.00
Linden Public Schools,Brooke Fera,NJ,17592256946308,3408610,$0.00,$0.00,0,$0.00,$0.00,0,0,$0.00,$0.00,0,$0.00,$0.00,1,"$45,000.00","$4,500.00",$0.00,$0.00,$0.00
Liverpool Central School District,Mike O'Donnell,NY,17592297177398,3617520,$0.00,$0.00,0,$0.00,$0.00,0,0,$0.00,$0.00,0,$0.00,$0.00,1,"$10,000.00","$1,000.00",$0.00,$0.00,$0.00
Locust Valley School District,Rachel Reynoso,NY,17592246338280,3617700,$0.00,$0.00,0,$0.00,$0.00,0,1,"$10,000.00",$0.00,1,"$10,000.00",$0.00,0,$0.00,$0.00,$0.00,$0.00,$0.00
Long Beach School District,Rachel Reynoso,NY,17592276048177,3617730,$0.00,$0.00,0,$0.00,$0.00,0,0,$0.00,$0.00,1,"$2,500.00",$0.00,0,$0.00,$0.00,$0.00,$0.00,$0.00
Lynbrook Union Free School District,Brooke Fera,NY,17592257417375,3617910,"$1,781.75",$901.00,25,"$1,149.54",$604.54,17,1,"$6,120.00","$1,781.75",1,"$10,000.00","$1,149.54",0,$0.00,$0.00,$0.00,$0.00,$0.00
Mahopac School District,Kris Tedesco,NY,17592297177468,3618120,$229.50,$241.80,3,$0.00,$0.00,0,1,"$30,000.00",$224.40,0,$0.00,$0.00,0,$0.00,$0.00,$0.00,$0.00,$0.00
Malverne School District,Rachel Reynoso,NY,17592276050587,3618210,$0.00,$0.00,0,$0.00,$0.00,0,1,"$2,500.00",$0.00,1,"$1,000.00",$0.00,0,$0.00,$0.00,$0.00,$0.00,$0.00
Marathon Central School District,Rachel Reynoso,NY,17592297177217,3618450,"$13,234.50","$6,926.60",186,$0.00,$0.00,0,2,"$11,609.00","$11,609.00",0,$0.00,$0.00,1,"$11,609.00","$4,643.60",$0.00,$0.00,$0.00
Marcum-Illinois Union Elementary School District,Monica Sherwood,CA,17592296945586,0623800,$0.00,$0.00,0,"$5,521.41","$3,970.41",79,0,$0.00,$0.00,1,"$5,556.21","$5,556.21",0,$0.00,$0.00,$0.00,$0.00,$0.00
Marysville Joint Unified School District,Monica Sherwood,CA,17592284925966,0624090,$0.00,$0.00,0,$0.00,$0.00,0,0,$0.00,$0.00,0,$0.00,$0.00,1,"$20,000.00","$8,000.00",$0.00,$0.00,$0.00
Massachusetts Department of Education,Kris Tedesco,MA,17592284315192,,$0.00,$0.00,0,$0.00,$0.00,0,0,$0.00,$0.00,0,$0.00,$0.00,1,"$100,000.00","$40,000.00",$0.00,$0.00,$0.00
Massena Central School District,Rachel Reynoso,NY,17592295190926,3618660,$0.00,$0.00,0,"$2,746.68","$2,350.68",4,0,$0.00,$0.00,1,"$2,975.57","$2,975.57",0,$0.00,$0.00,$0.00,$0.00,$0.00
Mathis Independent School District,Rachel Reynoso,TX,17592246338307,4829400,"$75,787.44","$34,723.44",174,"$153,178.16","$71,100.92",334,1,"$83,550.00","$80,501.08",1,"$167,795.45","$88,439.12",0,$0.00,$0.00,$1.00,"$165,000.00",$0.00
Mattituck - Cutchogue School District,Rachel Reynoso,NY,17592238767274,3600021,"$17,232.32","$9,488.74",256,"$10,538.60","$6,581.98",194,3,"$44,600.00","$17,033.29",1,"$15,000.00","$5,533.77",1,"$15,000.00","$6,000.00",$0.00,$0.00,$0.00
Mayfield School District,Kris Tedesco,NY,17592297177284,3618750,$124.84,$58.84,2,"$6,598.71","$3,573.11",97,1,"$15,300.00","$15,300.00",1,"$14,305.50","$14,305.50",0,$0.00,$0.00,$0.00,$0.00,$0.00
Mechanicville City School District,Kris Tedesco,NY,17592240769333,3618900,"$10,280.18","$5,534.84",181,$0.00,$0.00,0,0,$0.00,$0.00,0,$0.00,$0.00,0,$0.00,$0.00,$0.00,$0.00,$0.00
Medina Central School District,Mike O'Donnell,NY,17592297177434,3618960,"$80,440.58","$43,601.87","1,200","$118,611.14","$72,877.31","1,497",0,$0.00,$0.00,1,"$70,000.00","$70,000.00",1,"$67,626.00","$60,863.40",$1.00,"$140,000.00","$56,000.00"
Menahga Public School District,Tony Skauge,MN,17592295359357,2720580,$0.00,$0.00,0,$0.00,$0.00,0,0,$0.00,$0.00,0,$0.00,$0.00,1,"$19,669.20","$15,735.36",$0.00,$0.00,$0.00
Meridian Elementary School District,Monica Sherwood,CA,17592253224613,0624690,"$8,986.56","$4,370.13",163,"$19,304.27","$13,298.90",208,1,"$11,747.20","$11,747.20",1,"$23,366.64","$23,366.64",0,$0.00,$0.00,$0.00,$0.00,$0.00
Metropolitan Nashville Public Schools,Melodie Blackwood,TN,17592246338329,4703180,$0.00,$0.00,0,"$42,168.00","$12,595.94",886,0,$0.00,$0.00,2,"$198,648.00","$11,760.00",0,$0.00,$0.00,$2.00,"$50,000.00",$0.00
Middle Country School District,Rachel Reynoso,NY,17592257784303,3619200,"$5,630.40","$3,703.85",71,"$3,979.35","$2,562.21",48,1,"$25,000.00","$5,574.30",2,"$21,500.00",$0.00,0,$0.00,$0.00,$0.00,$0.00,$0.00
Middletown Unified School District,Monica Sherwood,CA,17592246338331,0624750,"$151,178.25","$68,528.25",285,"$149,261.00","$73,370.40",355,1,"$162,318.70","$152,770.60",2,"$161,841.64","$160,074.44",0,$0.00,$0.00,$1.00,"$150,000.00","$15,000.00"
Moorhead Public School District 152,Tony Skauge,MN,17592284314007,2721420,$0.00,$0.00,0,$0.00,$0.00,0,0,$0.00,$0.00,0,$0.00,$0.00,1,"$10,000.00","$4,000.00",$0.00,$0.00,$0.00
Moravia School District,Mike O'Donnell,NY,17592188843815,3619800,$0.00,$0.00,0,$0.00,$0.00,0,1,"$4,998.00",$0.00,0,$0.00,$0.00,0,$0.00,$0.00,$0.00,$0.00,$0.00
Morris-Union Jointure Commission School District,Brooke Fera,NJ,17592284312986,3400005,$0.00,$0.00,0,$0.00,$0.00,0,0,$0.00,$0.00,0,$0.00,$0.00,1,"$50,000.00","$5,000.00",$0.00,$0.00,$0.00
Mount Markham Central School District,Kris Tedesco,NY,17592188843735,3630930,$464.12,$233.12,7,$0.00,$0.00,0,0,$0.00,$0.00,0,$0.00,$0.00,0,$0.00,$0.00,$0.00,$0.00,$0.00
Nanuet School District,Rachel Reynoso,NY,17592297177483,3620190,"$7,328.70","$3,926.70",92,"$15,655.10","$8,677.68",236,2,"$10,704.90","$10,704.90",1,"$5,492.96","$5,492.96",1,"$10,964.72","$8,771.78",$0.00,$0.00,$0.00
Nassau BOCES,Paul Sheffield,NY,17592238767297,3680540,"$11,460.72","$10,457.28",36,"$2,584.80","$2,188.80",6,1,"$25,240.00","$4,182.00",0,$0.00,$0.00,0,$0.00,$0.00,$0.00,$0.00,$0.00
New Rochelle City School District,Brooke Fera,NY,17592297177616,3620490,$0.00,$0.00,0,$0.00,$0.00,0,0,$0.00,$0.00,0,$0.00,$0.00,1,"$75,000.00","$7,500.00",$0.00,$0.00,$0.00
New York State Office of Children And Family Services,Paul Sheffield,NY,17592295344972,3600131,$0.00,$0.00,0,$0.00,$0.00,0,0,$0.00,$0.00,1,"$92,910.60",$0.00,0,$0.00,$0.00,$0.00,$0.00,$0.00
Newfield Central School District,Rachel Reynoso,NY,17592297177619,3620790,"$9,044.55","$5,762.17",80,"$59,597.75","$34,859.22",838,1,"$9,710.40","$9,710.40",2,"$57,762.00","$7,762.00",1,"$18,660.08","$7,464.03",$1.00,"$58,000.00","$5,800.00"
Niagara - Wheatfield School District,Mike O'Donnell,NY,17592246347790,3620850,"$87,636.86","$48,798.75","1,452",$0.00,$0.00,0,3,"$89,224.96","$89,224.96",1,"$3,121.20","$3,121.20",1,"$46,540.00","$18,616.00",$1.00,"$75,000.00","$30,000.00"
Niagara-Wheatfield School District,Mike O'Donnell,NY,17592246347790,3620850,"$4,401.38","$2,504.38",77,"$41,957.74","$23,979.70",477,1,"$3,060.00","$3,060.00",1,"$42,691.00","$42,691.00",0,$0.00,$0.00,$0.00,$0.00,$0.00
Niskayuna Central School District,Melodie Blackwood,NY,17592297177500,3620880,"$64,393.18","$35,994.52",923,$0.00,$0.00,0,4,"$63,897.90","$63,897.90",0,$0.00,$0.00,0,$0.00,$0.00,$0.00,$0.00,$0.00
North Salem School District,Rachel Reynoso,NY,17592297177621,3621180,"$3,712.15","$2,391.27",48,"$1,816.80","$1,517.21",13,1,"$5,800.00","$3,722.70",1,"$30,000.00","$1,816.75",0,$0.00,$0.00,$1.00,"$30,000.00","$3,000.00"
North Syracuse School District,Mike O'Donnell,NY,17592297177401,3621210,"$230,545.20","$164,334.63","1,243","$368,153.99","$284,474.60","1,179",3,"$398,600.01","$398,600.01",1,"$300,000.00","$300,000.00",4,"$83,209.00","$45,283.60",$1.00,"$375,000.00","$150,000.00"
Nuestro Elementary School District,Monica Sherwood,CA,17592295331281,0627750,$0.00,$0.00,0,"$5,580.30","$4,006.75",95,0,$0.00,$0.00,1,"$6,202.28","$6,202.28",0,$0.00,$0.00,$0.00,$0.00,$0.00
Ogdensburg City School District,Kris Tedesco,NY,17592297177531,3621660,"$29,294.40","$17,047.56",470,"$170,096.13","$105,127.01","2,231",2,"$29,631.00","$29,631.00",2,"$56,807.40","$56,807.40",1,"$40,056.50","$24,033.90",$1.00,"$120,000.00","$48,000.00"
Old National Trail Special Services Cooperative,Mike O'Donnell,IN,17592274734427,1800078,$0.00,$0.00,0,$0.00,$0.00,0,0,$0.00,$0.00,1,"$5,000.00","$5,000.00",1,"$50,000.00","$20,000.00",$0.00,$0.00,$0.00
Onamia Public School District,Tony Skauge,MN,17592288467451,2725050,$0.00,$0.00,0,"$175,986.70","$76,109.72",378,0,$0.00,$0.00,2,"$315,809.49","$239,589.39",1,$0.00,$0.00,$2.00,"$313,000.00","$31,300.00"
One City schools,Tony Skauge,WI,17592285323777,5500083,$0.00,$0.00,0,"$75,918.46","$34,918.46",164,0,$0.00,$0.00,1,"$76,380.15","$76,380.16",1,$0.00,$0.00,$1.00,"$77,000.00","$7,700.00"
Onteora School District,Rachel Reynoso,NY,17592297177623,3621840,"$39,297.39","$21,005.39",538,"$97,919.68","$55,790.61","1,255",3,"$40,851.00","$40,851.00",1,"$33,645.36","$33,645.36",1,"$22,936.85","$20,643.17",$1.00,"$33,000.00","$3,300.00"
Orchard Park Central School District,Mike O'Donnell,NY,17592297177260,3621900,"$16,120.08","$9,911.75",217,"$3,029.34","$1,396.66",60,1,"$19,434.00","$19,434.00",0,$0.00,$0.00,1,"$20,341.00","$8,136.40",$1.00,"$25,000.00","$10,000.00"
Oyster Bay East Norwich School District,Rachel Reynoso,NY,17592242579600,3622290,$0.00,$0.00,0,$0.00,$0.00,0,1,"$2,500.00",$0.00,1,"$2,500.00",$0.00,0,$0.00,$0.00,$0.00,$0.00,$0.00
P.S. 180 Seeall Academy,Rachel Reynoso,NY,17592257980605,3600151,"$5,246.98","$4,388.98",18,$0.00,$0.00,0,1,"$5,499.60","$5,499.60",0,$0.00,$0.00,0,$0.00,$0.00,$0.00,$0.00,$0.00
Palatine Community Consolidated School District 15,Mike O'Donnell,IL,17592291364222,1730420,$0.00,$0.00,0,$0.00,$0.00,0,0,$0.00,$0.00,0,$0.00,$0.00,1,"$25,000.00",$0.00,$0.00,$0.00,$0.00
Palo Alto Unified School District,Monica Sherwood,CA,17592246103700,0629610,"$54,099.90","$34,639.87",739,"$2,446.56","$1,915.82",25,1,"$59,625.00","$59,625.00",1,"$60,002.64","$60,002.64",0,$0.00,$0.00,$1.00,"$65,000.00","$6,500.00"
Patchogue - Medford School District,Rachel Reynoso,NY,17592246347867,3622470,$168.30,$101.30,2,$0.00,$0.00,0,1,"$10,000.00",$163.20,1,"$10,000.00",$0.00,0,$0.00,$0.00,$0.00,$0.00,$0.00
Paterson Charter School for Science and Technology,Brooke Fera,NJ,17592246338408,3400087,"$27,331.60","$11,116.60",150,$0.00,$0.00,0,2,"$37,232.60","$34,651.20",0,$0.00,$0.00,1,"$90,000.00","$36,000.00",$0.00,$0.00,$0.00
Paterson Public Schools,Brooke Fera,NJ,17592297178162,3412690,$0.00,$0.00,0,$0.00,$0.00,0,0,$0.00,$0.00,0,$0.00,$0.00,1,"$190,000.00","$76,000.00",$1.00,"$300,000.00","$30,000.00"
Pathways Academy Charter School,Melodie Blackwood,TX,17592280524701,4899137,$0.00,$0.00,0,$0.00,$0.00,0,0,$0.00,$0.00,1,"$28,126.61","$28,126.80",0,$0.00,$0.00,$1.00,"$25,000.00",$0.00
"Pee Dee Math, Science, and Technology Academy",Steve Pines,SC,17592255886226,4503901,$0.00,$0.00,0,$0.00,$0.00,0,1,"$41,629.00",$0.00,0,$0.00,$0.00,0,$0.00,$0.00,$0.00,$0.00,$0.00
Pine Bush Central School District,Kris Tedesco,NY,17592297177425,3623010,"$58,163.37","$37,224.92",834,"$32,304.29","$17,352.05",519,1,"$161,364.00","$161,364.00",0,$0.00,$0.00,0,$0.00,$0.00,$0.00,$0.00,$0.00
Plainview Old-Bethpage School District,Rachel Reynoso,NY,17592258054345,3623220,"$4,333.75","$3,073.05",69,$884.30,$588.30,10,2,"$4,600.00","$4,294.66",1,"$2,500.00",$619.01,0,$0.00,$0.00,$0.00,$0.00,$0.00
Pleasantville School District,Brooke Fera,NY,17592188077766,3623310,$0.00,$0.00,0,$0.00,$0.00,0,0,$0.00,$0.00,0,$0.00,$0.00,1,"$25,000.00","$10,000.00",$0.00,$0.00,$0.00
Port Byron School District,Mike O'Donnell,NY,17592297177170,3623430,"$116,979.68","$66,886.01","1,602","$105,224.35","$58,066.06","1,705",3,"$108,494.44","$108,494.44",1,"$109,422.00","$109,422.00",0,$0.00,$0.00,$1.00,"$125,000.00","$50,000.00"
Port Chester-Rye School District,Rachel Reynoso,NY,17592297177633,3623460,$673.20,$475.20,8,$0.00,$0.00,0,1,"$28,050.00","$28,050.00",1,"$26,000.00","$26,010.00",0,$0.00,$0.00,$0.00,$0.00,$0.00
Port Jefferson School District,Paul Sheffield,NY,17592259709280,3623490,$826.20,$379.70,19,$0.00,$0.00,0,1,"$1,500.00",$826.20,1,"$1,500.00",$0.00,0,$0.00,$0.00,$0.00,$0.00,$0.00
Port Jervis City School District,Kris Tedesco,NY,17592246396739,3623520,"$216,741.72","$117,899.59","3,991","$96,507.59","$51,346.45","1,435",2,"$249,441.00","$249,441.00",1,"$143,050.00","$143,050.00",0,$0.00,$0.00,$1.00,"$105,048.00","$63,028.80"
Port Washington School District,Paul Sheffield,NY,17592276032878,3623580,$0.00,$0.00,0,$0.00,$0.00,0,1,"$2,500.00",$0.00,1,"$2,500.00",$0.00,0,$0.00,$0.00,$0.00,$0.00,$0.00
Poughkeepsie City School District,Kris Tedesco,NY,17592242410636,3623760,"$253,650.19","$195,890.37","1,296","$353,793.39","$270,036.43","1,569",2,"$244,422.60","$244,422.60",0,$0.00,$0.00,1,"$237,765.00","$190,212.00",$0.00,$0.00,$0.00
Putnam Valley School District,Brooke Fera,NY,17592295373078,3625230,$0.00,$0.00,0,"$44,068.20","$31,820.22",365,0,$0.00,$0.00,1,"$10,000.00","$2,871.36",1,"$34,000.00",$0.00,$0.00,$0.00,$0.00
Putnam-Westchester Boces,Brooke Fera,NY,17592284310980,3680680,$0.00,$0.00,0,$0.00,$0.00,0,0,$0.00,$0.00,0,$0.00,$0.00,1,"$100,000.00",$0.00,$0.00,$0.00,$0.00
Quogue,Rachel Reynoso,NY,17592273648330,3624060,$0.00,$0.00,0,$0.00,$0.00,0,1,"$5,700.00",$0.00,1,"$2,500.00",$0.00,0,$0.00,$0.00,$0.00,$0.00,$0.00
Region II Education Service Center,Melodie Blackwood,TX,17592293485888,4800154,$0.00,$0.00,0,$0.00,$0.00,0,0,$0.00,$0.00,1,"$2,376.00","$2,376.00",0,$0.00,$0.00,$1.00,"$4,000.00",$0.00
Republic Schools,Melodie Blackwood,TN,17592250463624,,$0.00,$0.00,0,$0.00,$0.00,0,1,"$108,110.78",$0.00,0,$0.00,$0.00,0,$0.00,$0.00,$0.00,$0.00,$0.00
Richland County School District 1,Melodie Blackwood,SC,17592246333666,4503360,$0.00,$0.00,0,"$37,895.04","$14,663.04",96,1,"$1,153,600.00","$167,890.65",1,"$1,124,270.00","$39,395.04",14,"$1,124,270.00",$0.00,$2.00,"$1,870,000.00",$0.00
Richland School District Two,Melodie Blackwood,SC,17592236333690,4503390,"$377,722.33","$176,587.56","3,297","$333,786.18","$145,725.85","2,078",5,"$1,757,749.20","$1,232,775.65",5,"$1,358,165.00","$518,760.56",15,"$1,126,965.00",$0.00,$7.00,"$1,640,000.00",$0.00
Richmond County School District,Melodie Blackwood,GA,17592284310093,1304380,$0.00,$0.00,0,$0.00,$0.00,0,0,$0.00,$0.00,0,$0.00,$0.00,1,"$50,000.00","$20,000.00",$1.00,$0.00,$0.00
River Dell Regional High School District,Brooke Fera,NJ,17592297177760,3412260,$0.00,$0.00,0,$0.00,$0.00,0,0,$0.00,$0.00,0,$0.00,$0.00,2,"$35,000.00","$16,000.00",$0.00,$0.00,$0.00
Rochester City School District,Mike O'Donnell,NY,17592193638888,3624750,$0.00,$0.00,0,$0.00,$0.00,0,0,$0.00,$0.00,0,$0.00,$0.00,0,$0.00,$0.00,$1.00,"$50,000.00","$5,000.00"
Rochester Community Unit School District 3A,Rachel Reynoso,IL,17592246338437,1734320,"$8,875.31","$6,645.82",83,"$4,533.33","$3,039.63",40,1,"$12,729.75","$17,186.71",1,"$18,379.42","$18,379.40",0,$0.00,$0.00,$0.00,$0.00,$0.00
Rockville Centre School District,Paul Sheffield,NY,17592246338439,3624780,$0.00,$0.00,0,$0.00,$0.00,0,1,"$3,000.00",$0.00,1,"$3,000.00",$0.00,0,$0.00,$0.00,$0.00,$0.00,$0.00
Rocky Point School District,Rachel Reynoso,NY,17592247496229,3624840,"$3,785.30","$2,231.55",42,$0.00,$0.00,0,1,"$4,800.00","$3,785.38",1,"$4,000.00",$0.00,0,$0.00,$0.00,$0.00,$0.00,$0.00
Roosevelt School District,Paul Sheffield,NY,17592238809598,3624990,"$21,551.18","$11,332.48",110,$0.00,$0.00,0,3,"$56,447.30","$15,905.28",1,"$31,000.00",$0.00,0,$0.00,$0.00,$0.00,$0.00,$0.00
Roselle Borough School District,Brooke Fera,NJ,17592284310976,3414280,$0.00,$0.00,0,$0.00,$0.00,0,0,$0.00,$0.00,0,$0.00,$0.00,1,"$90,000.00","$36,000.00",$0.00,$0.00,$0.00
Roslyn School District,Paul Sheffield,NY,17592238809610,3625050,$0.00,$0.00,0,$0.00,$0.00,0,1,"$2,500.00",$0.00,1,"$2,500.00",$0.00,0,$0.00,$0.00,$0.00,$0.00,$0.00
Rotterdam-Mohonasen School District,Kris Tedesco,NY,17592297177501,3600004,"$33,578.52","$17,769.47",245,$0.00,$0.00,0,2,"$75,225.00","$51,000.00",1,"$49,419.00","$49,419.00",0,$0.00,$0.00,$1.00,"$50,000.00","$20,000.00"
Rural Schools Innovation Zone,Melodie Blackwood,TX,17592244905888,,"$66,244.77","$55,164.66",320,"$39,831.82","$33,047.82",133,7,"$71,663.00","$70,608.50",5,"$65,301.15","$65,301.15",0,$0.00,$0.00,$5.00,"$92,998.00",$0.00
Rush-Henrietta Central School District,Mike O'Donnell,NY,17592290785074,3625170,$0.00,$0.00,0,$0.00,$0.00,0,0,$0.00,$0.00,0,$0.00,$0.00,0,$0.00,$0.00,$1.00,"$42,000.00","$25,200.00"
San Leandro Unified School District,Monica Sherwood,CA,17592246338458,0634680,"$54,280.00","$26,836.00",118,$0.00,$0.00,0,1,"$61,001.00","$59,585.00",0,$0.00,$0.00,0,$0.00,$0.00,$0.00,$0.00,$0.00
Sauk Centre Public School District,Tony Skauge,MN,17592291050858,2732850,$0.00,$0.00,0,$0.00,$0.00,0,0,$0.00,$0.00,0,$0.00,$0.00,1,"$45,000.00","$18,000.00",$0.00,$0.00,$0.00
Schenectady City School District,Kris Tedesco,NY,17592297177503,3626010,$0.00,$0.00,0,$0.00,$0.00,0,0,$0.00,$0.00,0,$0.00,$0.00,1,"$100,000.00",$0.00,$0.00,$0.00,$0.00
School Lane Charter School (District),Melodie Blackwood,PA,17592258425125,4200030,"$16,974.00","$7,794.00",36,$0.00,$0.00,0,1,"$22,279.00","$22,279.00",1,"$95,796.40",$0.00,0,$0.00,$0.00,$0.00,$0.00,$0.00
Seacoast Classical Academy,Kris Tedesco,NH,17592258296982,3399977,$864.00,$663.50,12,$0.00,$0.00,0,1,"$1,440.00","$1,440.00",0,$0.00,$0.00,0,$0.00,$0.00,$0.00,$0.00,$0.00
Seaford School District,Rachel Reynoso,NY,17592246333820,3626400,"$52,720.77","$29,634.89",674,"$46,454.42","$26,921.02",534,2,"$55,000.00","$52,696.63",1,"$55,000.00","$9,980.45",0,$0.00,$0.00,$1.00,"$55,000.00","$5,500.00"
Seed PCS (District),Rachel Reynoso,DC,17592246665043,1100022,"$49,102.26","$25,673.26",261,$0.00,$0.00,0,3,"$114,511.56","$109,713.19",0,$0.00,$0.00,0,$0.00,$0.00,$0.00,$0.00,$0.00
Seminole County Schools,Melodie Blackwood,GA,17592285098520,1304530,$0.00,$0.00,0,$0.00,$0.00,0,0,$0.00,$0.00,0,$0.00,$0.00,1,"$12,000.00","$4,800.00",$1.00,$0.00,$0.00
Shade Canyon School District,Monica Sherwood,CA,17592296044922,0602576,$0.00,$0.00,0,"$31,572.88","$14,212.88",124,0,$0.00,$0.00,1,"$33,007.76","$6,847.02",0,$0.00,$0.00,$0.00,$0.00,$0.00
Sherburne-Earlville Central School District,Rachel Reynoso,NY,17592239795135,3626700,"$2,616.38","$1,399.46",46,$0.00,$0.00,0,0,$0.00,$0.00,0,$0.00,$0.00,1,"$2,616.00",$261.60,$0.00,$0.00,$0.00
Sherman Central School District,Rachel Reynoso,NY,17592297177186,3626730,"$4,293.02","$2,331.90",60,$0.00,$0.00,0,2,"$11,442.50","$11,442.50",0,$0.00,$0.00,1,"$2,722.00",$272.20,$0.00,$0.00,$0.00
Shoreham - Wading River School District,Rachel Reynoso,NY,17592246333803,3626840,"$18,307.69","$9,996.72",261,"$9,973.70","$5,089.40",162,2,"$28,700.00","$18,225.26",1,"$43,478.00","$2,993.75",0,$0.00,$0.00,$1.00,"$45,000.00","$4,500.00"
Sierra-Plumas Joint Unified School District,Monica Sherwood,CA,17592246533218,0636780,"$50,744.88","$34,328.84",257,$0.00,$0.00,0,1,"$64,496.56","$64,496.56",0,$0.00,$0.00,0,$0.00,$0.00,$0.00,$0.00,$0.00
Smithtown Central School District,Rachel Reynoso,NY,17592297178282,3627060,"$85,644.45","$69,599.30",347,$0.00,$0.00,0,2,"$93,305.52","$93,562.47",1,"$97,439.00","$28,294.99",1,"$9,129.21","$3,651.68",$1.00,"$95,000.00","$9,500.00"
Sonoma Valley Charter (District),Monica Sherwood,CA,17592296950536,0602260,"$81,166.50","$32,974.00",154,"$1,920.00","$1,205.00",37,1,"$85,410.50","$84,349.50",2,"$5,615.69","$5,615.69",0,$0.00,$0.00,$0.00,$0.00,$0.00
Sonoma Valley Unified School District,Monica Sherwood,CA,17592247228282,0637200,$0.00,$0.00,0,$0.00,$0.00,0,1,"$97,000.00",$0.00,0,$0.00,$0.00,0,$0.00,$0.00,$0.00,$0.00,$0.00
South Brunswick Township School District,Brooke Fera,NJ,17592284317229,3415210,$0.00,$0.00,0,$0.00,$0.00,0,0,$0.00,$0.00,0,$0.00,$0.00,1,"$90,000.00","$9,000.00",$0.00,$0.00,$0.00
South Carolina Public Charter District,Melodie Blackwood,SC,17592295310923,4503901,$0.00,$0.00,0,$0.00,$0.00,0,0,$0.00,$0.00,0,$0.00,$0.00,1,"$31,688.74","$25,350.99",$1.00,$0.00,$0.00
South Colonie School District,Kris Tedesco,NY,17592188843555,3627210,$0.00,$0.00,0,$0.00,$0.00,0,1,"$1,683.00","$1,683.00",0,$0.00,$0.00,0,$0.00,$0.00,$0.00,$0.00,$0.00
Southampton School District,Rachel Reynoso,NY,17592255885646,3627540,"$28,152.00","$12,052.00",46,$0.00,$0.00,0,2,"$57,528.00","$37,332.00",0,$0.00,$0.00,0,$0.00,$0.00,$0.00,$0.00,$0.00
Spartanburg County School District 07,Melodie Blackwood,SC,17592296975898,4503660,$0.00,$0.00,0,$0.00,$0.00,0,0,$0.00,$0.00,0,$0.00,$0.00,1,"$160,000.00","$64,000.00",$1.00,"$50,000.00",$0.00
Spencerport Central School District,Mike O'Donnell,NY,17592297177361,3627780,"$5,021.66","$3,122.41",39,$0.00,$0.00,0,1,"$4,284.00","$4,284.00",0,$0.00,$0.00,0,$0.00,$0.00,$0.00,$0.00,$0.00
Spring Independent School District,Melodie Blackwood,TX,17592285348348,4841220,$0.00,$0.00,0,$0.00,$0.00,0,0,$0.00,$0.00,1,"$4,000.00",$0.00,0,$0.00,$0.00,$1.00,"$4,000.00",$0.00
Starpoint School District,Mike O'Donnell,NY,17592297177377,3628050,"$46,938.41","$29,592.00",585,"$16,566.29","$8,083.82",368,4,"$56,000.00","$46,969.90",1,"$10,000.00","$6,185.50",1,"$10,000.00","$1,000.00",$0.00,$0.00,$0.00
Sullivan County BOCES,Kris Tedesco,NY,17592246333751,3680880,"$115,668.00","$46,372.94",189,"$71,253.12","$34,181.76",154,1,"$110,160.00","$110,160.00",1,"$85,696.32","$85,696.32",1,$0.00,$0.00,$1.00,"$90,000.00","$36,000.00"
Sumter School District,Melodie Blackwood,SC,17592236333656,4503902,"$171,673.74","$58,644.26",570,"$87,249.60","$29,756.10",376,2,"$718,800.00","$205,183.04",2,"$719,999.99","$91,203.29",1,"$10,000.00","$1,000.00",$4.00,"$950,000.00","$70,000.00"
Sutter County Superintendent of Schools,Monica Sherwood,CA,17592296950979,0691042,"$21,582.00","$17,448.00",36,"$12,618.00","$10,249.00",19,1,"$34,622.50","$34,622.50",1,"$39,817.23","$39,817.23",2,"$500,000.00","$50,000.00",$1.00,"$200,000.00","$20,000.00"
Sutter Union High School District,Monica Sherwood,CA,17592296950987,0638610,$0.00,$0.00,0,$0.00,$0.00,0,0,$0.00,$0.00,0,$0.00,$0.00,1,"$20,000.00","$2,000.00",$0.00,$0.00,$0.00
Syosset Central School District,Rachel Reynoso,NY,17592246347870,3628560,$0.00,$0.00,0,$0.00,$0.00,0,1,"$2,500.00",$0.00,1,"$2,500.00",$0.00,0,$0.00,$0.00,$0.00,$0.00,$0.00
Syracuse City School District,Mike O'Donnell,NY,17592283071396,3628590,$0.00,$0.00,0,"$798,272.08","$351,386.04","1,632",0,$0.00,$0.00,1,"$917,928.50","$1,336,595.83",10,"$917,928.38",$0.00,$1.00,"$1,000,000.00","$400,000.00"
Tantasqua Regional School District,Kris Tedesco,MA,17592256013187,2511490,"$2,989.36","$1,852.40",45,"$14,739.92","$9,926.42",153,1,"$6,048.00","$6,048.00",2,"$11,704.55","$11,704.55",0,$0.00,$0.00,$1.00,"$9,000.00","$3,600.00"
Tarrant County College,Melodie Blackwood,TX,17592186930123,,$0.00,$0.00,0,"$4,262.58","$3,651.56",22,0,$0.00,$0.00,1,"$14,939.10","$14,939.10",0,$0.00,$0.00,$1.00,"$25,000.00",$0.00
The Barack Obama Green Charter High School,Brooke Fera,NJ,17592284314164,3400740,$0.00,$0.00,0,$0.00,$0.00,0,0,$0.00,$0.00,0,$0.00,$0.00,1,"$50,000.00","$5,000.00",$0.00,$0.00,$0.00
Ticonderoga Central School District,Kris Tedesco,NY,17592297177272,3628680,"$13,497.42","$8,412.66",187,$0.00,$0.00,0,5,"$41,358.40","$41,358.40",0,$0.00,$0.00,0,$0.00,$0.00,$0.00,$0.00,$0.00
Tigerton School District,Tony Skauge,WI,17592284315483,5514880,$0.00,$0.00,0,$0.00,$0.00,0,0,$0.00,$0.00,0,$0.00,$0.00,1,"$40,000.00","$24,000.00",$0.00,$0.00,$0.00
Tully Central School District,Mike O'Donnell,NY,17592297177406,3629130,"$8,384.15","$5,081.25",99,$0.00,$0.00,0,0,$0.00,$0.00,0,$0.00,$0.00,1,"$8,383.00",$838.30,$0.00,$0.00,$0.00
Northside Charter High School,Brooke Fera,NY,0,3600948,$0.00,$0.00,0,$0.00,$0.00,0,0,$0.00,$0.00,0,$0.00,$0.00,1,"$6,000.00",$600.00,$0.00,$0.00,$0.00
Fordham Leadership Academy,Brooke Fera,NY,0,3600087,$0.00,$0.00,0,$0.00,$0.00,0,0,$0.00,$0.00,0,$0.00,$0.00,0,$0.00,$0.00,$1.00,"$87,000.00","$34,800.00"
Feather River Academy,Monica Sherwood,CA,17592283292815,0691042,$0.00,$0.00,0,$0.00,$0.00,0,0,$0.00,$0.00,0,$0.00,$0.00,0,$0.00,$0.00,$1.00,"$40,000.00","$4,000.00"
Bronx High School of Visual Arts,Brooke Fera,NY,0,3600088,$0.00,$0.00,0,$0.00,$0.00,0,0,$0.00,$0.00,0,$0.00,$0.00,0,$0.00,$0.00,$1.00,"$90,000.00","$9,000.00"
Repertory High School,Brooke Fera,NY,0,3600077,$0.00,$0.00,0,$0.00,$0.00,0,0,$0.00,$0.00,0,$0.00,$0.00,0,$0.00,$0.00,$1.00,"$90,000.00","$9,000.00"
Thomas A Edison Career and Technical High School,Brooke Fera,NY,0,3600100,$0.00,$0.00,0,$0.00,$0.00,0,0,$0.00,$0.00,0,$0.00,$0.00,0,$0.00,$0.00,$1.00,"$87,000.00","$34,800.00"
City Polytechnical High School,Brooke Fera,NY,0,3600091,$0.00,$0.00,0,$0.00,$0.00,0,0,$0.00,$0.00,0,$0.00,$0.00,0,$0.00,$0.00,$1.00,"$87,000.00","$34,800.00"
Brooklyn High School For Law And Technology,Rachel Reynoso,NY,17592257289027,3600094,$0.00,$0.00,0,$0.00,$0.00,0,0,$0.00,$0.00,0,$0.00,$0.00,0,$0.00,$0.00,$1.00,"$90,000.00","$9,000.00"
Bronx Collegiate Academy,Brooke Fera,NY,0,3600086,$0.00,$0.00,0,$0.00,$0.00,0,0,$0.00,$0.00,0,$0.00,$0.00,0,$0.00,$0.00,$1.00,"$90,000.00","$9,000.00"
Collegiate Institute for Math & Science,Brooke Fera,NY,0,3600088,$0.00,$0.00,0,$0.00,$0.00,0,0,$0.00,$0.00,0,$0.00,$0.00,0,$0.00,$0.00,$1.00,"$90,000.00","$9,000.00"
Epic High Schools,Brooke Fera,NY,0,3600123,$0.00,$0.00,0,$0.00,$0.00,0,0,$0.00,$0.00,0,$0.00,$0.00,0,$0.00,$0.00,$1.00,"$90,000.00","$9,000.00"
Urban Assembly Institute of Math And Science For Young Women,Rachel Reynoso,NY,17592259503858,3600091,"$1,170.24",$913.60,8,$0.00,$0.00,0,1,"$1,581.80","$1,581.80",0,$0.00,$0.00,0,$0.00,$0.00,$0.00,$0.00,$0.00
Utica City School District,Kris Tedesco,NY,17592246341114,3629370,"$62,156.60","$33,380.95",890,"$35,210.55","$22,539.67",441,2,"$56,814.00","$56,814.00",1,"$57,220.00","$57,220.00",0,$0.00,$0.00,$1.00,"$25,000.00","$10,000.00"
UTRGV- Lyford & Raymondville,Melodie Blackwood,TX,17592238767669,,"$7,120.00","$4,594.00",82,$0.00,$0.00,0,2,"$7,200.00",$0.00,0,$0.00,$0.00,0,$0.00,$0.00,$0.00,$0.00,$0.00
Vallejo City Unified School District,Monica Sherwood,CA,17592246333712,0640740,"$154,812.70","$67,490.20",317,$0.00,$0.00,0,2,"$490,625.00","$267,488.82",0,$0.00,$0.00,0,$0.00,$0.00,$0.00,$0.00,$0.00
Viborg-Hurley School District 60-6,Mike O'Donnell,SD,17592256640241,4674520,"$5,130.00","$3,568.80",28,$0.00,$0.00,0,1,"$3,040.00","$3,040.00",0,$0.00,$0.00,0,$0.00,$0.00,$0.00,$0.00,$0.00
Virginia Board of Education,Hayley Spira Bauer,VA,17592309369554,,$0.00,$0.00,0,$0.00,$0.00,0,0,$0.00,$0.00,0,$0.00,$0.00,0,$0.00,$0.00,$1.00,"$500,000.00","$50,000.00"
Wantagh School District,Rachel Reynoso,NY,17592276032166,3629850,$0.00,$0.00,0,$0.00,$0.00,0,1,"$13,500.00",$0.00,1,"$10,000.00",$0.00,0,$0.00,$0.00,$0.00,$0.00,$0.00
Wappingers School District,Kris Tedesco,NY,17592297177239,3629880,"$59,146.18","$33,080.07",851,"$32,439.53","$17,477.01",415,4,"$60,843.00","$60,843.00",1,"$34,332.00","$34,332.00",0,$0.00,$0.00,$1.00,"$47,754.00","$28,652.40"
Warrensburg Central,Kris Tedesco,NY,17592238767694,3629910,$0.00,$0.00,0,"$48,459.64","$30,047.47",225,1,"$10,710.00","$10,710.00",2,"$47,053.70","$47,053.70",0,$0.00,$0.00,$1.00,"$50,000.00","$20,000.00"
Warrensburg Central School District,Kris Tedesco,NY,17592212145126,3629910,"$36,370.63","$19,391.87",523,$0.00,$0.00,0,1,"$1,428.00","$1,428.00",0,$0.00,$0.00,0,$0.00,$0.00,$0.00,$0.00,$0.00
Warwick Valley Central School District,Kris Tedesco,NY,17592295306698,3629970,$0.00,$0.00,0,$0.00,$0.00,0,0,$0.00,$0.00,0,$0.00,$0.00,1,"$50,000.00","$20,000.00",$0.00,$0.00,$0.00
Washingtonville Central School District,Kris Tedesco,NY,17592297177429,3630030,"$105,264.00","$44,720.00",172,"$104,787.13","$37,169.96",266,1,"$95,472.00","$95,472.00",2,"$113,293.18","$113,293.18",0,$0.00,$0.00,$1.00,"$95,000.00","$9,500.00"
Waterloo Central School District,Kris Tedesco,NY,17592297177515,3600014,$0.00,$0.00,0,"$166,704.17","$122,057.69",966,0,$0.00,$0.00,3,"$125,634.76","$125,634.76",1,"$36,986.22","$33,287.60",$1.00,"$94,554.00","$37,821.60"
Watertown Public Schools,Kris Tedesco,MA,17592284316982,2512180,$0.00,$0.00,0,$0.00,$0.00,0,0,$0.00,$0.00,0,$0.00,$0.00,1,"$50,000.00",$0.00,$0.00,$0.00,$0.00
Webster School District,Mike O'Donnell,NY,17592297177362,3630360,"$43,627.24","$24,649.07",539,"$79,050.60","$48,359.43",997,2,"$66,637.50","$64,277.50",0,$0.00,$0.00,1,"$56,805.09","$51,124.58",$1.00,"$100,000.00","$40,000.00"
Weedsport School District,Mike O'Donnell,NY,17592297177668,3630420,"$9,338.32","$5,170.19",117,$0.00,$0.00,0,2,"$9,577.73","$9,577.73",1,"$8,640.00","$8,640.00",0,$0.00,$0.00,$0.00,$0.00,$0.00
West Contra Costa Unified School District,Monica Sherwood,CA,17592250823194,0632550,"$2,465.00","$1,357.00",30,$0.00,$0.00,0,1,"$20,075.00","$2,380.00",0,$0.00,$0.00,0,$0.00,$0.00,$0.00,$0.00,$0.00
West Hancock Community School District,Tony Skauge,IA,17592295235870,1905430,$0.00,$0.00,0,"$41,906.97","$20,531.97",171,0,$0.00,$0.00,1,"$44,412.60","$44,112.60",0,$0.00,$0.00,$2.00,"$50,000.00","$5,000.00"
West Islip School District,Rachel Reynoso,NY,17592246375617,3630690,"$43,460.39","$24,023.77",606,"$28,915.61","$16,416.83",435,4,"$45,000.00","$43,311.64",1,"$20,000.00","$15,763.53",2,"$14,426.64","$11,541.31",$1.00,"$35,000.00","$3,500.00"
West Northfield School District 31,Mike O'Donnell,IL,17592292259527,1741700,$0.00,$0.00,0,"$7,347.79","$5,315.26",74,0,$0.00,$0.00,1,"$2,574.29","$2,574.30",1,"$4,773.50","$2,864.10",$0.00,$0.00,$0.00
West Seneca School District,Mike O'Donnell,NY,17592188523729,3630780,$0.00,$0.00,0,$0.00,$0.00,0,0,$0.00,$0.00,0,$0.00,$0.00,1,"$25,000.00","$10,000.00",$0.00,$0.00,$0.00
Westbury School District,Rachel Reynoso,NY,17592275339664,3630960,$0.00,$0.00,0,$0.00,$0.00,0,1,"$10,000.00",$0.00,1,"$10,000.00",$0.00,0,$0.00,$0.00,$0.00,$0.00,$0.00
Westhill School District,Mike O'Donnell,NY,17592297177408,3607320,"$35,044.38","$19,318.71",505,"$18,291.21","$9,744.01",248,4,"$63,654.16","$63,654.16",1,"$17,166.00","$17,166.00",2,"$20,000.00","$9,500.00",$1.00,"$50,000.00","$20,000.00"
Williamsburg County School District,Melodie Blackwood,SC,17592236333825,4503780,$0.00,$0.00,0,"$66,904.32","$24,904.32",168,0,$0.00,$0.00,1,"$486,776.80","$80,465.00",1,"$91,129.45",$0.00,$1.00,"$250,000.00",$0.00
Williamsville School District,Mike O'Donnell,NY,17592285316561,3631470,$0.00,$0.00,0,"$6,529.09","$3,982.64",84,0,$0.00,$0.00,2,"$48,227.75","$48,227.75",0,$0.00,$0.00,$1.00,"$50,000.00","$20,000.00"
Yellow Springs Exempted Village School District,Kris Tedesco,OH,17592292332733,3904567,$0.00,$0.00,0,$0.00,$0.00,0,0,$0.00,$0.00,1,"$9,946.00","$9,946.00",0,$0.00,$0.00,$0.00,$0.00,$0.00
Yuba City Unified School District,Monica Sherwood,CA,17592236331441,0643470,"$134,780.85","$72,926.21","2,128","$506,275.71","$252,478.48","8,318",1,"$973,980.00","$973,980.00",0,$0.00,$0.00,1,"$406,000.00","$324,800.00",$1.00,"$1,000,000.00","$100,000.00"