group_name,state,valid_district_id,valid_nces_id,valid_opp_count,valid_opp_revenue,valid_school_count,valid_session_count,valid_session_revenue,valid_course_count,orphaned_district_id,orphaned_opp_count,orphaned_opp_revenue,orphaned_school_count,orphaned_session_count,orphaned_course_count,combined_revenue,action
SHERMAN INDEPENDENT SCHOOL DISTRICT,TX,17592296969802,4840080,0,0,17,0,0,0,17592284310179,2,3900000,1,0,0,3900000,"Migrate opps from orphaned_district_id to valid_district_id, then retire orphaned ID"
CLEVELAND ISD,TX,17592295358524,4814370,0,0,11,0,0,0,17592191769649,6,3425682.5,1,0,0,3425682.5,"Migrate opps from orphaned_district_id to valid_district_id, then retire orphaned ID"
WESTERN SUFFOLK BOCES (SUFFOLK 3) (DISTRICT),NY,17592295309829,3680860,0,0,1,0,0,0,17592193639838,1,3000000,1,0,0,3000000,"Migrate opps from orphaned_district_id to valid_district_id, then retire orphaned ID"
SUTTER COUNTY SUPERINTENDENT OF SCHOOLS,CA,17592296950979,691042,3,700000,3,0,0,0,17592257671670,5,592139.73,1,0,0,1292139.73,"Migrate opps from orphaned_district_id to valid_district_id, then retire orphaned ID"
BURLESON INDEPENDENT SCHOOL DISTRICT,TX,17592295229103,4812180,0,0,19,0,0,0,17592284311157,1,1253700,1,0,0,1253700,"Migrate opps from orphaned_district_id to valid_district_id, then retire orphaned ID"
LEGACY PREPARATORY,TX,17592295372811,4801428,0,0,2,0,0,0,17592188843694,2,859680,1,0,0,859680,"Migrate opps from orphaned_district_id to valid_district_id, then retire orphaned ID"
UPLIFT EDUCATION,TX,17592295269334,4800030,0,0,44,0,0,0,17592284310243,2,843980,1,0,0,843980,"Migrate opps from orphaned_district_id to valid_district_id, then retire orphaned ID"
JOHNSTON COUNTY PUBLIC SCHOOLS,NC,17592296951145,3702370,0,0,46,0,0,0,17592284312111,1,750000,1,0,0,750000,"Migrate opps from orphaned_district_id to valid_district_id, then retire orphaned ID"
GANADO ISD,TX,17592295300652,4820310,0,0,3,0,0,0,17592284311423,2,692370,1,0,0,692370,"Migrate opps from orphaned_district_id to valid_district_id, then retire orphaned ID"
SANTA FE INDEPENDENT SCHOOL DISTRICT,TX,17592295324599,4839270,0,0,7,0,0,0,17592284310932,1,670000,1,0,0,670000,"Migrate opps from orphaned_district_id to valid_district_id, then retire orphaned ID"
GWINNETT COUNTY PUBLIC SCHOOLS,GA,17592296962651,1302550,0,0,141,167,625,100,17592191142284,6,644569.25,1,0,0,645194.25,"Migrate opps from orphaned_district_id to valid_district_id, then retire orphaned ID"
DAYTON PUBLIC SCHOOLS,OH,17592296947438,3904384,0,0,29,0,0,0,17592284312964,3,560617,1,0,0,560617,"Migrate opps from orphaned_district_id to valid_district_id, then retire orphaned ID"
HALLSVILLE INDEPENDENT SCHOOL DISTRICT,TX,17592295248569,4822170,0,0,9,0,0,0,17592284311173,3,548050,1,0,0,548050,"Migrate opps from orphaned_district_id to valid_district_id, then retire orphaned ID"
CORPUS CHRISTI ISD,TX,17592295290991,4815270,0,0,58,0,0,0,17592186958560,4,535000,1,0,0,535000,"Migrate opps from orphaned_district_id to valid_district_id, then retire orphaned ID"
LEXINGTON DISTRICT 2,SC,17592295291209,4502730,0,0,14,0,0,3,17592284311449,4,511475,1,0,0,511475,"Migrate opps from orphaned_district_id to valid_district_id, then retire orphaned ID"
LEANDER INDEPENDENT SCHOOL DISTRICT,TX,17592295249187,4827030,0,0,48,0,0,0,17592284312028,1,500000,1,0,0,500000,"Migrate opps from orphaned_district_id to valid_district_id, then retire orphaned ID"
CYPRESS-FAIRBANKS INDEPENDENT SCHOOL DISTRICT,TX,17592296964775,4816110,0,0,86,0,0,0,17592284314823,1,500000,1,0,0,500000,"Migrate opps from orphaned_district_id to valid_district_id, then retire orphaned ID"
HURST-EULESS-BEDFORD INDEPENDENT SCHOOL DISTRICT,TX,17592295226214,4824060,0,0,34,0,0,0,17592284317845,1,500000,1,0,0,500000,"Migrate opps from orphaned_district_id to valid_district_id, then retire orphaned ID"
FAIRFIELD COUNTY SCHOOL DISTRICT 01,SC,17592295267492,4502100,0,0,9,0,0,0,17592284311345,5,440221.6,1,0,0,440221.6,"Migrate opps from orphaned_district_id to valid_district_id, then retire orphaned ID"
LEE COUNTY SCHOOLS,NC,17592296951171,3702560,0,0,16,0,0,0,17592284311333,2,438144,1,0,0,438144,"Migrate opps from orphaned_district_id to valid_district_id, then retire orphaned ID"
LONGVIEW INDEPENDENT SCHOOL DISTRICT,TX,17592295230493,4828110,0,0,15,0,0,0,17592284310255,3,428600,1,0,0,428600,"Migrate opps from orphaned_district_id to valid_district_id, then retire orphaned ID"
EASTERN SUFFOLK BOCES,NY,17592238766952,3680820,13,338983.61,12,3040,75617.27,148,17592188518852,4,2500,1,0,0,417100.88,"Migrate opps from orphaned_district_id to valid_district_id, then retire orphaned ID"
THE VARNETT PUBLIC SCHOOL,TX,17592295323809,4800073,0,0,4,0,0,0,17592284311464,2,410000,1,0,0,410000,"Migrate opps from orphaned_district_id to valid_district_id, then retire orphaned ID"
MARIN COUNTY OFFICE OF EDUCATION,CA,17592295303332,691018,0,0,3,0,0,0,17592284315317,2,400000,1,0,0,400000,"Migrate opps from orphaned_district_id to valid_district_id, then retire orphaned ID"
DAYTON INDEPENDENT SCHOOL DISTRICT,TX,17592295201443,4816410,0,0,7,0,0,0,17592284319107,1,400000,1,0,0,400000,"Migrate opps from orphaned_district_id to valid_district_id, then retire orphaned ID"
HICKSVILLE SCHOOL DISTRICT,NY,17592295229713,3614340,0,0,8,0,0,0,17592191955120,11,399263,1,0,0,399263,"Migrate opps from orphaned_district_id to valid_district_id, then retire orphaned ID"
LOWER KUSKOKWIM SCHOOL DISTRICT,AK,17592296960376,200001,0,0,48,0,0,0,17592284311870,2,391120,1,0,0,391120,"Migrate opps from orphaned_district_id to valid_district_id, then retire orphaned ID"
ALDINE INDEPENDENT SCHOOL DISTRICT,TX,17592296963042,4807710,0,0,91,0,0,0,17592284310358,4,391000,1,0,0,391000,"Migrate opps from orphaned_district_id to valid_district_id, then retire orphaned ID"
PALO ALTO COLLEGE,TX,17592296960397,246354,0,0,1,30,0,100,17592188843743,14,379517,1,0,0,379517,"Migrate opps from orphaned_district_id to valid_district_id, then retire orphaned ID"
ANSON COUNTY SCHOOLS,NC,17592295259259,3700180,0,0,10,0,0,0,17592284312255,1,375000,1,0,0,375000,"Migrate opps from orphaned_district_id to valid_district_id, then retire orphaned ID"
DORCHESTER COUNTY SCHOOL DISTRICT 02,SC,17592296976549,4502010,0,0,24,0,0,0,17592284311101,5,364737.27,1,0,0,364737.27,"Migrate opps from orphaned_district_id to valid_district_id, then retire orphaned ID"
JACKSON COUNTY PUBLIC SCHOOLS,FL,17592296984677,1200960,0,0,21,0,0,0,17592284312768,1,350000,1,0,0,350000,"Migrate opps from orphaned_district_id to valid_district_id, then retire orphaned ID"
NEW YORK STATE OFFICE OF CHILDREN AND FAMILY SERVICES,NY,17592295344972,3600131,1,92910.6,3,0,0,0,17592284311545,2,250000,1,0,0,342910.6,"Migrate opps from orphaned_district_id to valid_district_id, then retire orphaned ID"
MT. DIABLO UNIFIED SCHOOL DISTRICT,CA,17592295227725,626370,0,0,55,0,0,0,17592284312266,2,300000,1,0,0,300000,"Migrate opps from orphaned_district_id to valid_district_id, then retire orphaned ID"
PRINCE GEORGE'S COUNTY PUBLIC SCHOOLS,MD,17592295282252,2400510,0,0,210,0,0,0,17592284313381,2,300000,1,0,0,300000,"Migrate opps from orphaned_district_id to valid_district_id, then retire orphaned ID"
DUNCANVILLE INDEPENDENT SCHOOL,TX,17592296965061,4817640,0,0,18,0,0,0,17592284311355,1,300000,1,0,0,300000,"Migrate opps from orphaned_district_id to valid_district_id, then retire orphaned ID"
ENVIRONMENTAL CHARTER HIGH SCHOOL - LAWNDALE (DISTRICT),CA,17592296970358,602076,0,0,1,0,0,0,17592284311446,1,300000,1,0,0,300000,"Migrate opps from orphaned_district_id to valid_district_id, then retire orphaned ID"
VIRGINIA BEACH CITY PUBLIC SCHOOLS,VA,17592295358250,5103840,0,0,87,0,0,0,17592284311605,1,300000,1,0,0,300000,"Migrate opps from orphaned_district_id to valid_district_id, then retire orphaned ID"
MODESTO CITY SCHOOLS,CA,17592296946151,601330,0,0,2,0,0,0,17592284316493,1,300000,1,0,0,300000,"Migrate opps from orphaned_district_id to valid_district_id, then retire orphaned ID"
SPARTANBURG COUNTY SCHOOL DISTRICT 05,SC,17592296961999,4503600,0,0,12,0,0,0,17592284310805,4,275000,1,0,0,275000,"Migrate opps from orphaned_district_id to valid_district_id, then retire orphaned ID"
BARNWELL COUNTY CONSOLIDATED SCHOOL DISTRICT,SC,17592295297928,4501050,0,0,6,0,0,0,17592284312092,3,265000,1,0,0,265000,"Migrate opps from orphaned_district_id to valid_district_id, then retire orphaned ID"
TERRELL ISD,TX,17592296970287,4842450,0,0,9,0,0,0,17592284314526,2,262800,1,0,0,262800,"Migrate opps from orphaned_district_id to valid_district_id, then retire orphaned ID"
FOLSOM-CORDOVA UNIFIED SCHOOL DISTRICT,CA,17592296970743,613890,0,0,37,0,0,7,17592284311523,4,257550,1,0,0,257550,"Migrate opps from orphaned_district_id to valid_district_id, then retire orphaned ID"
YORK COUNTY ROCK HILL SCHOOL DISTRICT 03,SC,17592295365216,4503870,0,0,26,0,0,0,17592284312806,2,255000,1,0,0,255000,"Migrate opps from orphaned_district_id to valid_district_id, then retire orphaned ID"
HAGERMAN MUNICIPAL SCHOOLS,NM,17592296981431,3501200,0,0,3,0,0,0,17592284316206,1,251114,1,0,0,251114,"Migrate opps from orphaned_district_id to valid_district_id, then retire orphaned ID"
NORTHAMPTON COUNTY SCHOOLS,NC,17592296951268,3703420,0,0,7,0,0,0,17592284311874,2,250000,1,0,0,250000,"Migrate opps from orphaned_district_id to valid_district_id, then retire orphaned ID"
WICHITA FALLS INDEPENDENT SCHOOL DISTRICT,TX,17592295215623,4845780,0,0,31,0,0,0,17592284310541,1,250000,1,0,0,250000,"Migrate opps from orphaned_district_id to valid_district_id, then retire orphaned ID"
HARFORD COUNTY PUBLIC SCHOOLS,MD,17592295322966,2400390,0,0,54,0,0,0,17592284315065,1,250000,1,0,0,250000,"Migrate opps from orphaned_district_id to valid_district_id, then retire orphaned ID"
CLOVIS MUNICIPAL SCHOOLS,NM,17592296981343,3500570,0,0,18,0,0,2,17592284312032,3,241544.23,1,0,0,241544.23,"Migrate opps from orphaned_district_id to valid_district_id, then retire orphaned ID"
NEWTON-CONOVER CITY SCHOOLS,NC,17592296950793,3703360,0,0,7,0,0,0,17592284313959,1,240000,1,0,0,240000,"Migrate opps from orphaned_district_id to valid_district_id, then retire orphaned ID"
NOTTOWAY COUNTY PUBLIC SCHOOLS,VA,17592295218700,5102790,4,208250,6,38,2625,20,17592284311968,1,25000,1,0,0,235875,"Migrate opps from orphaned_district_id to valid_district_id, then retire orphaned ID"
LA GRANGE INDEPENDENT SCHOOL DISTRICT,TX,17592295206608,4826100,0,0,3,0,0,0,17592188843684,4,233400,1,0,0,233400,"Migrate opps from orphaned_district_id to valid_district_id, then retire orphaned ID"
DURHAM PUBLIC SCHOOLS,NC,17592295216726,3701260,0,0,54,0,0,0,17592284312310,2,230000,1,0,0,230000,"Migrate opps from orphaned_district_id to valid_district_id, then retire orphaned ID"
LAKE HAVASU UNIFIED DISTRICT,AZ,17592295297094,0404280,1,119999.97,9,92,50103.2,1,17592294784215,1,57200.64,1,0,0,227303.81,"Migrate opps from orphaned_district_id to valid_district_id, then retire orphaned ID"
YORK SCHOOL DISTRICT 01,SC,17592295194400,4503810,0,0,10,0,0,0,17592284313073,1,225000,1,0,0,225000,"Migrate opps from orphaned_district_id to valid_district_id, then retire orphaned ID"
TRINITY ALPS UNIFIED,CA,17592296951434,601331,0,0,5,0,0,0,17592284931775,1,225000,1,0,0,225000,"Migrate opps from orphaned_district_id to valid_district_id, then retire orphaned ID"
ONEIDA-HERKIMER-MADISON BOCES,NY,17592296960098,3680560,0,0,1,0,0,0,17592284311608,1,216000,1,0,0,216000,"Migrate opps from orphaned_district_id to valid_district_id, then retire orphaned ID"
NYOS CHARTER SCHOOL (DISTRICT),TX,17592295240783,4800058,0,0,3,0,0,0,17592284310742,1,215000,1,0,0,215000,"Migrate opps from orphaned_district_id to valid_district_id, then retire orphaned ID"
LAURENS COUNTY SCHOOL DISTRICT 55,SC,17592296950459,4502610,0,0,8,0,0,0,17592284312216,5,211155,1,0,0,211155,"Migrate opps from orphaned_district_id to valid_district_id, then retire orphaned ID"
SAVANNAH-CHATHAM COUNTY PUBLIC SCHOOLS,GA,17592295264115,1301020,0,0,61,0,0,0,17592284311326,2,210000,1,0,0,210000,"Migrate opps from orphaned_district_id to valid_district_id, then retire orphaned ID"
AIKEN COUNTY SCHOOL DISTRICT,SC,17592295234934,4500720,0,0,41,0,0,0,17592284312418,2,210000,1,0,0,210000,"Migrate opps from orphaned_district_id to valid_district_id, then retire orphaned ID"
MIDLOTHIAN INDEPENDENT SCHOOL DISTRICT,TX,17592295218448,4830600,0,0,12,0,0,0,17592284318889,1,208550,1,0,0,208550,"Migrate opps from orphaned_district_id to valid_district_id, then retire orphaned ID"
BEAUFORT COUNTY SCHOOLS,NC,17592296950676,3700330,0,0,14,0,0,0,17592284311134,2,205000,1,0,0,205000,"Migrate opps from orphaned_district_id to valid_district_id, then retire orphaned ID"
ROANE COUNTY SCHOOLS,WV,17592296976401,5401320,0,0,5,0,0,0,17592284312905,1,200000,1,0,0,200000,"Migrate opps from orphaned_district_id to valid_district_id, then retire orphaned ID"
HOLLISTER SCHOOL DISTRICT,CA,17592296942693,617340,0,0,11,0,0,0,17592284312956,1,200000,1,0,0,200000,"Migrate opps from orphaned_district_id to valid_district_id, then retire orphaned ID"
ROBLA SCHOOL DISTRICT,CA,17592295284980,633240,0,0,3,0,0,0,17592284317235,1,200000,1,0,0,200000,"Migrate opps from orphaned_district_id to valid_district_id, then retire orphaned ID"
ORANGEBURG COUNTY SCHOOL DISTRICT,SC,17592296949562,4503910,0,0,28,0,0,0,17592284318901,1,200000,1,0,0,200000,"Migrate opps from orphaned_district_id to valid_district_id, then retire orphaned ID"
POPE VALLEY UNION ELEMENTARY SCHOOL DISTRICT,CA,17592296948513,631380,0,0,1,0,0,0,17592284318480,2,192675.74,1,0,0,192675.74,"Migrate opps from orphaned_district_id to valid_district_id, then retire orphaned ID"
INTERNATIONAL LEADERSHIP OF TEXAS (ILT),TX,17592296966574,4801440,0,0,36,0,0,0,17592188132795,3,190500,1,0,0,190500,"Migrate opps from orphaned_district_id to valid_district_id, then retire orphaned ID"
CLARKE COUNTY SCHOOL DISTRICT,GA,17592296960273,1301170,0,0,21,0,0,0,17592284316966,1,180000,1,0,0,180000,"Migrate opps from orphaned_district_id to valid_district_id, then retire orphaned ID"
FREEPORT SCHOOL DISTRICT,NY,17592295224145,3611550,0,0,8,0,0,0,17592188150289,9,178018.5,1,0,0,178018.5,"Migrate opps from orphaned_district_id to valid_district_id, then retire orphaned ID"
LAMAR CONSOLIDATED INDEPENDENT SCHOOL DISTRICT,TX,17592296967136,4826580,0,0,50,0,0,0,17592284310899,2,175000,1,0,0,175000,"Migrate opps from orphaned_district_id to valid_district_id, then retire orphaned ID"
CRYSTAL CITY INDEPENDENT SCHOOL DISTRICT,TX,17592296964732,4815930,0,0,5,0,0,0,17592284313561,1,163410,1,0,0,163410,"Migrate opps from orphaned_district_id to valid_district_id, then retire orphaned ID"
MCDOWELL COUNTY SCHOOLS,NC,17592296951226,3702940,0,0,14,0,0,0,17592284312367,1,160000,1,0,0,160000,"Migrate opps from orphaned_district_id to valid_district_id, then retire orphaned ID"
CHATHAM COUNTY SCHOOLS,NC,17592296950799,3700750,0,0,20,0,0,0,17592284312456,1,160000,1,0,0,160000,"Migrate opps from orphaned_district_id to valid_district_id, then retire orphaned ID"
LONGWOOD CENTRAL SCHOOL DISTRICT,NY,17592297007418,3619230,0,0,6,0,0,0,17592188519216,5,155846.69,1,0,0,155846.69,"Migrate opps from orphaned_district_id to valid_district_id, then retire orphaned ID"
BEAUMONT ISD,TX,17592296963453,4809670,0,0,31,0,0,0,17592284311461,3,155000,1,0,0,155000,"Migrate opps from orphaned_district_id to valid_district_id, then retire orphaned ID"
CHRISTEL HOUSE INDIANAPOLIS,IN,17592296981048,1800018,0,0,2,0,0,0,17592188843545,2,153425,1,0,0,153425,"Migrate opps from orphaned_district_id to valid_district_id, then retire orphaned ID"
NASH COUNTY PUBLIC SCHOOLS,NC,17592295260835,3703270,0,0,28,0,0,0,17592284311515,1,150000,1,0,0,150000,"Migrate opps from orphaned_district_id to valid_district_id, then retire orphaned ID"
ELKIN CITY SCHOOLS,NC,17592296951432,3701380,0,0,4,0,0,0,17592284312801,1,150000,1,0,0,150000,"Migrate opps from orphaned_district_id to valid_district_id, then retire orphaned ID"
WHITEHOUSE INDEPENDENT SCHOOL DISTRICT,TX,17592296971096,4845600,0,0,7,0,0,0,17592284313127,1,150000,1,0,0,150000,"Migrate opps from orphaned_district_id to valid_district_id, then retire orphaned ID"
DECATUR INDEPENDENT SCHOOL DISTRICT,TX,17592296964858,4816500,0,0,7,0,0,0,17592284313173,1,150000,1,0,0,150000,"Migrate opps from orphaned_district_id to valid_district_id, then retire orphaned ID"
BRAZOS INDEPENDENT SCHOOL DISTRICT,TX,17592295211938,4844470,0,0,4,0,0,0,17592284314208,1,150000,1,0,0,150000,"Migrate opps from orphaned_district_id to valid_district_id, then retire orphaned ID"
YORK CITY SCHOOL DISTRICT,PA,17592296978354,4226820,0,0,9,0,0,0,17592284315087,1,150000,1,0,0,150000,"Migrate opps from orphaned_district_id to valid_district_id, then retire orphaned ID"
HASTINGS PUBLIC SCHOOLS,NE,17592295368093,3171580,0,0,7,0,0,0,17592284315734,1,150000,1,0,0,150000,"Migrate opps from orphaned_district_id to valid_district_id, then retire orphaned ID"
AVERY COUNTY SCHOOLS,NC,17592295249841,3700300,0,0,11,0,0,0,17592284317517,1,150000,1,0,0,150000,"Migrate opps from orphaned_district_id to valid_district_id, then retire orphaned ID"
LEE COUNTY SCHOOL DISTRICT,SC,17592295293318,4502670,0,0,6,0,0,0,17592284313235,3,142500,1,0,0,142500,"Migrate opps from orphaned_district_id to valid_district_id, then retire orphaned ID"
CLARKSVILLE INDEPENDENT SCHOOL DISTRICT,TX,17592295200254,4814190,0,0,2,0,0,0,17592284312501,1,140000,1,0,0,140000,"Migrate opps from orphaned_district_id to valid_district_id, then retire orphaned ID"
FREER INDEPENDENT SCHOOL DISTRICT,TX,17592295200888,4819820,0,0,3,0,0,1,17592246588732,2,131550,1,0,0,131550,"Migrate opps from orphaned_district_id to valid_district_id, then retire orphaned ID"
SIUSLAW SCHOOL DISTRICT,OR,17592296977445,4105100,0,0,3,0,0,0,17592186838326,3,128408,1,0,0,128408,"Migrate opps from orphaned_district_id to valid_district_id, then retire orphaned ID"
BETHEL SCHOOL DISTRICT,WA,17592296976576,5300480,0,0,35,0,0,0,17592284312080,1,125000,1,0,0,125000,"Migrate opps from orphaned_district_id to valid_district_id, then retire orphaned ID"
CUBA INDEPENDENT SCHOOLS,NM,17592296981358,3500660,0,0,3,0,0,0,17592284311681,2,120000,1,0,0,120000,"Migrate opps from orphaned_district_id to valid_district_id, then retire orphaned ID"
TOMPKINS-SENECA-TIOGA BOCES,NY,17592295194495,3680900,0,0,1,0,0,0,17592284310451,2,115632,1,0,0,115632,"Migrate opps from orphaned_district_id to valid_district_id, then retire orphaned ID"
CLINTON CITY SCHOOLS,NC,17592295276088,3700930,0,0,5,0,0,0,17592284312482,2,115000,1,0,0,115000,"Migrate opps from orphaned_district_id to valid_district_id, then retire orphaned ID"
MARION COUNTY SCHOOL DISTRICT,SC,17592296972792,4503908,0,0,11,0,0,2,17592284311542,3,102144.86,1,0,0,102144.86,"Migrate opps from orphaned_district_id to valid_district_id, then retire orphaned ID"
GRAND PRAIRIE INDEPENDENT SCHOOL DISTRICT,TX,17592296965905,4821420,0,0,41,0,0,0,17592284310454,1,100000,1,0,0,100000,"Migrate opps from orphaned_district_id to valid_district_id, then retire orphaned ID"
RIALTO UNIFIED SCHOOL DISTRICT,CA,17592295230107,632370,0,0,31,0,0,0,17592284311262,1,100000,1,0,0,100000,"Migrate opps from orphaned_district_id to valid_district_id, then retire orphaned ID"
SOUTH EUCLID LYNDHURST CITY SCHOOL,OH,17592295336534,3904479,0,0,6,0,0,0,17592284312051,1,100000,1,0,0,100000,"Migrate opps from orphaned_district_id to valid_district_id, then retire orphaned ID"
SNOOK INDEPENDENT SCHOOL DISTRICT,TX,17592295280471,4840620,0,0,2,0,0,0,17592284312261,1,100000,1,0,0,100000,"Migrate opps from orphaned_district_id to valid_district_id, then retire orphaned ID"
PITT COUNTY SCHOOLS,NC,17592295307656,3700012,0,0,38,0,0,0,17592284312450,1,100000,1,0,0,100000,"Migrate opps from orphaned_district_id to valid_district_id, then retire orphaned ID"
GADSDEN INDEPENDENT SCHOOLS,NM,17592295261381,3501080,0,0,28,0,0,0,17592284312609,1,100000,1,0,0,100000,"Migrate opps from orphaned_district_id to valid_district_id, then retire orphaned ID"
ROWAN-SALISBURY SCHOOLS,NC,17592295369837,3704050,0,0,33,0,0,0,17592284313346,1,100000,1,0,0,100000,"Migrate opps from orphaned_district_id to valid_district_id, then retire orphaned ID"
NEWPORT-MESA UNIFIED SCHOOL DISTRICT,CA,17592295276661,627240,0,0,32,0,0,0,17592284313596,1,100000,1,0,0,100000,"Migrate opps from orphaned_district_id to valid_district_id, then retire orphaned ID"
NEWBERRY COUNTY SCHOOL DISTRICT,SC,17592295237473,4503030,0,0,14,0,0,0,17592284313694,1,100000,1,0,0,100000,"Migrate opps from orphaned_district_id to valid_district_id, then retire orphaned ID"
GRAND ISLAND PUBLIC SCHOOLS,NE,17592295273107,3100016,0,0,23,0,0,0,17592284313842,1,100000,1,0,0,100000,"Migrate opps from orphaned_district_id to valid_district_id, then retire orphaned ID"
CATAWBA COUNTY SCHOOLS,NC,17592295248033,3700690,0,0,28,0,0,0,17592284314014,1,100000,1,0,0,100000,"Migrate opps from orphaned_district_id to valid_district_id, then retire orphaned ID"
CHEROKEE COUNTY SCHOOLS,NC,17592296950819,3700780,0,0,13,0,0,0,17592284314204,1,100000,1,0,0,100000,"Migrate opps from orphaned_district_id to valid_district_id, then retire orphaned ID"
CARLSBAD UNIFIED SCHOOL DISTRICT,CA,17592295243382,607500,0,0,17,0,0,0,17592284314871,1,100000,1,0,0,100000,"Migrate opps from orphaned_district_id to valid_district_id, then retire orphaned ID"
FLORENCE ONE SCHOOLS,SC,17592295229447,4502130,0,0,25,0,0,0,17592284315492,1,100000,1,0,0,100000,"Migrate opps from orphaned_district_id to valid_district_id, then retire orphaned ID"
RUIDOSO MUNICIPAL SCHOOLS,NM,17592295372830,3502310,0,0,4,0,0,0,17592284317260,1,100000,1,0,0,100000,"Migrate opps from orphaned_district_id to valid_district_id, then retire orphaned ID"
BAY SHORE SCHOOL DISTRICT,NY,17592295291241,3604080,0,0,5,0,0,0,17592188526351,7,99455.89,1,0,0,99455.89,"Migrate opps from orphaned_district_id to valid_district_id, then retire orphaned ID"
RICHARDSON INDEPENDENT SCHOOL DISTRICT,TX,17592296969192,4837020,0,0,52,0,0,0,17592284311566,3,95000,1,0,0,95000,"Migrate opps from orphaned_district_id to valid_district_id, then retire orphaned ID"
CUMBERLAND COUNTY SCHOOLS,NC,17592296950872,3700011,0,0,88,0,0,0,17592284310813,2,95000,1,0,0,95000,"Migrate opps from orphaned_district_id to valid_district_id, then retire orphaned ID"
CHARLOTTE INDEPENDENT SCHOOL DISTRICT,TX,17592296964261,4813710,0,0,4,0,0,0,17592284311051,2,95000,1,0,0,95000,"Migrate opps from orphaned_district_id to valid_district_id, then retire orphaned ID"
SKIDMORE-TYNAN INDEPENDENT SCHOOL DISTRICT,TX,17592295338611,4840410,0,0,3,0,0,0,17592284313941,1,95000,1,0,0,95000,"Migrate opps from orphaned_district_id to valid_district_id, then retire orphaned ID"
BURTON ELEMENTARY SCHOOL DISTRICT,CA,17592295345497,606570,0,0,7,0,0,0,17592188843582,3,90328,1,0,0,90328,"Migrate opps from orphaned_district_id to valid_district_id, then retire orphaned ID"
EL PASO INDEPENDENT SCHOOL DISTRICT,TX,17592295326917,4818300,0,0,98,0,0,0,17592284311744,2,90000,1,0,0,90000,"Migrate opps from orphaned_district_id to valid_district_id, then retire orphaned ID"
COPIAGUE SCHOOL DISTRICT,NY,17592297007427,3608310,0,0,6,0,0,0,17592188432267,5,87401.4,1,0,0,87401.4,"Migrate opps from orphaned_district_id to valid_district_id, then retire orphaned ID"
PACIFIC GROVE UNIFIED SCHOOL DISTRICT,CA,17592296947895,629370,0,0,6,0,0,0,17592284313371,1,86000,1,0,0,86000,"Migrate opps from orphaned_district_id to valid_district_id, then retire orphaned ID"
WARREN COUNTY SCHOOLS,NC,17592296951473,3704740,0,0,8,0,0,0,17592284311139,1,85000,1,0,0,85000,"Migrate opps from orphaned_district_id to valid_district_id, then retire orphaned ID"
NORTHMONT CITY SCHOOL DISTRICT,OH,17592295188769,3904872,0,0,8,0,0,0,17592284312816,1,84872,1,0,0,84872,"Migrate opps from orphaned_district_id to valid_district_id, then retire orphaned ID"
TROTWOOD-MADISON CITY SCHOOL DISTRICT,OH,17592295188342,3904869,0,0,6,0,0,0,17592284313618,1,84872,1,0,0,84872,"Migrate opps from orphaned_district_id to valid_district_id, then retire orphaned ID"
MILLER PLACE SCHOOL DISTRICT,NY,17592295308292,3619410,0,0,4,0,0,0,17592188843823,6,84547.12,1,0,0,84547.12,"Migrate opps from orphaned_district_id to valid_district_id, then retire orphaned ID"
WHITE SETTLEMENT INDEPENDENT SCHOOL DISTRICT,TX,17592296971080,4845540,0,0,10,0,0,0,17592284312164,1,82320,1,0,0,82320,"Migrate opps from orphaned_district_id to valid_district_id, then retire orphaned ID"
LINCOLN COUNTY SCHOOLS,NC,17592296951186,3702680,0,0,21,0,0,0,17592284312316,1,80000,1,0,0,80000,"Migrate opps from orphaned_district_id to valid_district_id, then retire orphaned ID"
VANCE COUNTY SCHOOLS,NC,17592296962271,3704650,0,0,16,0,0,0,17592284313822,1,80000,1,0,0,80000,"Migrate opps from orphaned_district_id to valid_district_id, then retire orphaned ID"
GRANVILLE COUNTY SCHOOLS,NC,17592296951016,3701800,0,0,18,0,0,0,17592284313975,1,80000,1,0,0,80000,"Migrate opps from orphaned_district_id to valid_district_id, then retire orphaned ID"
MOUNT PLEASANT CENTRAL SCHOOL DISTRICT,NY,17592295304868,3620160,0,0,4,0,0,0,17592284314193,1,80000,1,0,0,80000,"Migrate opps from orphaned_district_id to valid_district_id, then retire orphaned ID"
BROOKS COUNTY SCHOOL DISTRICT,GA,17592295277926,1300540,0,0,6,0,0,0,17592284318917,1,80000,1,0,0,80000,"Migrate opps from orphaned_district_id to valid_district_id, then retire orphaned ID"
TUCUMCARI PUBLIC SCHOOLS,NM,17592296981717,3502640,0,0,3,0,0,0,17592284310524,1,78940,1,0,0,78940,"Migrate opps from orphaned_district_id to valid_district_id, then retire orphaned ID"
CLARENDON COUNTY SCHOOL DISTRICT,SC,17592295218765,4503913,0,0,10,0,0,0,17592187508228,6,76900,1,0,0,76900,"Migrate opps from orphaned_district_id to valid_district_id, then retire orphaned ID"
JUDSON INDEPENDENT SCHOOL DISTRICT,TX,17592295371572,4824990,0,0,30,0,0,0,17592284310910,2,75000,1,0,0,75000,"Migrate opps from orphaned_district_id to valid_district_id, then retire orphaned ID"
BRAZOSPORT INDEPENDENT SCHOOL DISTRICT,TX,17592295323777,4811190,0,0,22,0,0,0,17592284312849,1,75000,1,0,0,75000,"Migrate opps from orphaned_district_id to valid_district_id, then retire orphaned ID"
SANTA ROSA INDEPENDENT SCHOOL DISTRICT,TX,17592296969614,4839360,0,0,5,0,0,0,17592284313189,1,75000,1,0,0,75000,"Migrate opps from orphaned_district_id to valid_district_id, then retire orphaned ID"
BARTLETT INDEPENDENT SCHOOL DISTRICT,TX,17592295272058,4809540,0,0,1,0,0,0,17592284313226,1,75000,1,0,0,75000,"Migrate opps from orphaned_district_id to valid_district_id, then retire orphaned ID"
VEGA INDEPENDENT SCHOOL DISTRICT,TX,17592296971557,4843980,0,0,3,0,0,0,17592284313525,1,75000,1,0,0,75000,"Migrate opps from orphaned_district_id to valid_district_id, then retire orphaned ID"
SPLENDORA INDEPENDENT SCHOOL DISTRICT,TX,17592296970012,4841070,0,0,7,0,0,0,17592284314576,1,75000,1,0,0,75000,"Migrate opps from orphaned_district_id to valid_district_id, then retire orphaned ID"
SOUTHWEST INDEPENDENT SCHOOL DISTRICT,TX,17592296969980,4840950,0,0,19,0,0,0,17592284317941,1,75000,1,0,0,75000,"Migrate opps from orphaned_district_id to valid_district_id, then retire orphaned ID"
BROOME-DELAWARE-TIOGA BOCES,NY,17592295328255,3680140,0,0,1,0,0,0,17592284310715,2,74750,1,0,0,74750,"Migrate opps from orphaned_district_id to valid_district_id, then retire orphaned ID"
LAKE AND PENINSULA SCHOOL DISTRICT,AK,17592295272957,200485,0,0,13,0,0,0,17592188843680,4,73970,1,0,0,73970,"Migrate opps from orphaned_district_id to valid_district_id, then retire orphaned ID"
ARANSAS PASS INDEPENDENT SCHOOL DISTRICT,TX,17592295229977,4808580,0,0,6,0,0,0,17592284312544,1,70000,1,0,0,70000,"Migrate opps from orphaned_district_id to valid_district_id, then retire orphaned ID"
ALIEF ISD,TX,17592296963062,4807830,0,0,46,0,0,0,17592188524728,5,69115,1,0,0,69115,"Migrate opps from orphaned_district_id to valid_district_id, then retire orphaned ID"
RIVERHEAD SCHOOL DISTRICT,NY,17592297007420,3624690,0,0,8,0,0,0,17592188522136,5,65000,1,0,0,65000,"Migrate opps from orphaned_district_id to valid_district_id, then retire orphaned ID"
BENAVIDES INDEPENDENT SCHOOL DISTRICT,TX,17592295286122,4899130,0,0,2,0,0,0,17592193634004,1,65000,1,0,0,65000,"Migrate opps from orphaned_district_id to valid_district_id, then retire orphaned ID"
BYNUM INDEPENDENT SCHOOL DISTRICT,TX,17592296963982,4812360,0,0,1,0,0,0,17592284314459,1,65000,1,0,0,65000,"Migrate opps from orphaned_district_id to valid_district_id, then retire orphaned ID"
CUTLER-OROSI JOINT UNIFIED SCHOOL DISTRICT,CA,17592296969529,610350,0,0,10,0,0,0,17592291232464,1,65000,1,0,0,65000,"Migrate opps from orphaned_district_id to valid_district_id, then retire orphaned ID"
SOUTH TEXAS INDEPENDENT SCHOOL DISTRICT,TX,17592296969956,4837150,0,0,6,0,0,0,17592284318392,1,62000,1,0,0,62000,"Migrate opps from orphaned_district_id to valid_district_id, then retire orphaned ID"
GARDEN CITY SCHOOL DISTRICT,NY,17592295373482,3611760,0,0,7,0,0,0,17592188518424,8,61311.45,1,0,0,61311.45,"Migrate opps from orphaned_district_id to valid_district_id, then retire orphaned ID"
SPARTANBURG COUNTY SCHOOL DISTRICT 02,SC,17592295229126,4503510,0,0,15,0,0,0,17592284310114,1,60000,1,0,0,60000,"Migrate opps from orphaned_district_id to valid_district_id, then retire orphaned ID"
TULPEHOCKEN AREA SCHOOL DISTRICT,PA,17592296981034,4223820,0,0,3,0,0,0,17592284319070,1,59000,1,0,0,59000,"Migrate opps from orphaned_district_id to valid_district_id, then retire orphaned ID"
ELWOOD SCHOOL DISTRICT,NY,17592297007416,3610680,0,0,4,0,0,0,17592188843869,11,58493.61,1,0,0,58493.61,"Migrate opps from orphaned_district_id to valid_district_id, then retire orphaned ID"
VALLEY STREAM UNION FREE SCHOOL DISTRICT 30,NY,17592295250237,3629490,0,0,3,0,0,0,17592240468710,3,57412.5,1,0,0,57412.5,"Migrate opps from orphaned_district_id to valid_district_id, then retire orphaned ID"
INGLESIDE INDEPENDENT SCHOOL DISTRICT,TX,17592296966545,4824180,0,0,5,0,0,0,17592284318815,1,57000,1,0,0,57000,"Migrate opps from orphaned_district_id to valid_district_id, then retire orphaned ID"
HARDIN PUBLIC SCHOOLS,MT,17592296957924,3013310/3013340,0,0,1,0,0,0,17592188371686,1,55000,1,0,0,55000,"Migrate opps from orphaned_district_id to valid_district_id, then retire orphaned ID"
FARMINGDALE SCHOOL DISTRICT,NY,17592295189166,3610980,0,0,6,0,0,0,17592188433584,7,53379.37,1,0,0,53379.37,"Migrate opps from orphaned_district_id to valid_district_id, then retire orphaned ID"
LOWER MERION SCHOOL DISTRICT,PA,17592295248924,4214160,0,0,10,0,0,0,17592188843547,2,50000,1,0,0,50000,"Migrate opps from orphaned_district_id to valid_district_id, then retire orphaned ID"
GALENA PARK INDEPENDENT SCHOOL DISTRICT,TX,17592295331811,4820250,0,0,24,0,0,0,17592284311728,2,50000,1,0,0,50000,"Migrate opps from orphaned_district_id to valid_district_id, then retire orphaned ID"
BUNCOMBE COUNTY SCHOOLS,NC,17592296950706,3700450,0,0,44,0,0,0,17592284310110,1,50000,1,0,0,50000,"Migrate opps from orphaned_district_id to valid_district_id, then retire orphaned ID"
EL MONTE UNION HIGH SCHOOL DISTRICT,CA,17592296970169,612120,0,0,8,0,0,0,17592284310308,1,50000,1,0,0,50000,"Migrate opps from orphaned_district_id to valid_district_id, then retire orphaned ID"
RIM OF THE WORLD UNIFIED SCHOOL DISTRICT,CA,17592296948959,632610,0,0,7,0,0,0,17592284310384,1,50000,1,0,0,50000,"Migrate opps from orphaned_district_id to valid_district_id, then retire orphaned ID"
LINDENHURST UNION FREE SCHOOL DISTRICT,NY,17592295228363,3617380,0,0,8,0,0,0,17592284310639,1,50000,1,0,0,50000,"Migrate opps from orphaned_district_id to valid_district_id, then retire orphaned ID"
GODLEY INDEPENDENT SCHOOL DISTRICT,TX,17592295187516,4820960,0,0,7,0,0,0,17592284310693,1,50000,1,0,0,50000,"Migrate opps from orphaned_district_id to valid_district_id, then retire orphaned ID"
CROSBY INDEPENDENT SCHOOL DISTRICT,TX,17592296964683,4815750,0,0,5,0,0,0,17592284311037,1,50000,1,0,0,50000,"Migrate opps from orphaned_district_id to valid_district_id, then retire orphaned ID"
DALLAS INDEPENDENT SCHOOL DISTRICT,TX,17592296964805,4816230,0,0,263,0,0,0,17592284311339,1,50000,1,0,0,50000,"Migrate opps from orphaned_district_id to valid_district_id, then retire orphaned ID"
HAVERFORD TOWNSHIP SCHOOL DISTRICT,PA,17592295305894,4211670,0,0,7,0,0,0,17592284311736,1,50000,1,0,0,50000,"Migrate opps from orphaned_district_id to valid_district_id, then retire orphaned ID"
FLORESVILLE INDEPENDENT SCHOOL DISTRICT,TX,17592296965474,4819350,0,0,6,0,0,0,17592284311949,1,50000,1,0,0,50000,"Migrate opps from orphaned_district_id to valid_district_id, then retire orphaned ID"
SEWANHAKA CENTRAL HIGH SCHOOL DISTRICT,NY,17592295337049,3626520,0,0,5,0,0,0,17592284312194,1,50000,1,0,0,50000,"Migrate opps from orphaned_district_id to valid_district_id, then retire orphaned ID"
KENT SCHOOL DISTRICT,WA,17592295292132,5303960,0,0,43,0,0,0,17592284312200,1,50000,1,0,0,50000,"Migrate opps from orphaned_district_id to valid_district_id, then retire orphaned ID"
KILLEEN INDEPENDENT SCHOOL DISTRICT,TX,17592295226752,4825660,0,0,62,0,0,0,17592284312475,1,50000,1,0,0,50000,"Migrate opps from orphaned_district_id to valid_district_id, then retire orphaned ID"
HESPERIA UNIFIED SCHOOL DISTRICT,CA,17592296942464,600014,0,0,26,0,0,0,17592284312488,1,50000,1,0,0,50000,"Migrate opps from orphaned_district_id to valid_district_id, then retire orphaned ID"
TEMPLETON UNIFIED SCHOOL DISTRICT,CA,17592295345095,639000,0,0,8,0,0,0,17592284312509,1,50000,1,0,0,50000,"Migrate opps from orphaned_district_id to valid_district_id, then retire orphaned ID"
HUNTINGTON UNION FREE SCHOOL DISTRICT,NY,17592295211484,3615090,0,0,8,0,0,0,17592284312616,1,50000,1,0,0,50000,"Migrate opps from orphaned_district_id to valid_district_id, then retire orphaned ID"
HORRY COUNTY SCHOOLS,SC,17592295292672,4502490,0,0,57,0,0,0,17592284312894,1,50000,1,0,0,50000,"Migrate opps from orphaned_district_id to valid_district_id, then retire orphaned ID"
CHAPEL HILL-CARRBORO CITY SCHOOLS,NC,17592296962450,3700720,0,0,20,0,0,0,17592284313326,1,50000,1,0,0,50000,"Migrate opps from orphaned_district_id to valid_district_id, then retire orphaned ID"
BRYAN INDEPENDENT SCHOOL DISTRICT,TX,17592295348503,4811790,0,0,24,0,0,0,17592284313568,1,50000,1,0,0,50000,"Migrate opps from orphaned_district_id to valid_district_id, then retire orphaned ID"
PALO VERDE UNIFIED SCHOOL DISTRICT,CA,17592295256785,629640,0,0,6,0,0,0,17592284313628,1,50000,1,0,0,50000,"Migrate opps from orphaned_district_id to valid_district_id, then retire orphaned ID"
SOUTHERN WESTCHESTER BOCES,NY,17592295329472,3680960,0,0,1,0,0,0,17592284314867,1,50000,1,0,0,50000,"Migrate opps from orphaned_district_id to valid_district_id, then retire orphaned ID"
OAK VALLEY UNION ELEMENTARY SCHOOL DISTRICT,CA,17592296947431,627900,0,0,1,0,0,0,17592284315019,1,50000,1,0,0,50000,"Migrate opps from orphaned_district_id to valid_district_id, then retire orphaned ID"
OJAI UNIFIED SCHOOL DISTRICT,CA,17592296947563,628270,0,0,10,0,0,0,17592284315035,1,50000,1,0,0,50000,"Migrate opps from orphaned_district_id to valid_district_id, then retire orphaned ID"
LAKEPORT UNIFIED SCHOOL DISTRICT,CA,17592295320448,620670,0,0,6,0,0,0,17592284315116,1,50000,1,0,0,50000,"Migrate opps from orphaned_district_id to valid_district_id, then retire orphaned ID"
CALCASIEU PARISH SCHOOL BOARD,LA,17592295275035,2200330,0,0,62,0,0,0,17592284316751,1,50000,1,0,0,50000,"Migrate opps from orphaned_district_id to valid_district_id, then retire orphaned ID"
POTEET INDEPENDENT SCHOOL DISTRICT,TX,17592296968888,4835520,0,0,5,0,0,0,17592284317784,1,50000,1,0,0,50000,"Migrate opps from orphaned_district_id to valid_district_id, then retire orphaned ID"
COMAL INDEPENDENT SCHOOL DISTRICT,TX,17592295303529,4814730,0,0,35,0,0,0,17592284318226,1,50000,1,0,0,50000,"Migrate opps from orphaned_district_id to valid_district_id, then retire orphaned ID"
CLEVELAND HEIGHTS-UNIVERSITY HEIGHTS CITY SCHOOL DISTRICT,OH,17592296962713,3904379,0,0,10,0,0,0,17592284318289,1,50000,1,0,0,50000,"Migrate opps from orphaned_district_id to valid_district_id, then retire orphaned ID"
LAKEWOOD CITY SCHOOLS,OH,17592296949120,3904419,0,0,13,0,0,0,17592284318539,1,50000,1,0,0,50000,"Migrate opps from orphaned_district_id to valid_district_id, then retire orphaned ID"
CASTRO VALLEY UNIFIED SCHOOL DISTRICT,CA,17592295195440,607800,0,0,17,0,0,0,17592284318823,1,50000,1,0,0,50000,"Migrate opps from orphaned_district_id to valid_district_id, then retire orphaned ID"
SELMA UNIFIED SCHOOL DISTRICT,CA,17592295301753,636270,0,0,13,0,0,0,17592284318852,1,50000,1,0,0,50000,"Migrate opps from orphaned_district_id to valid_district_id, then retire orphaned ID"
NORTH PROVIDENCE PUBLIC SCHOOLS,RI,17592295328925,4400780,0,0,8,0,0,0,17592284318876,1,50000,1,0,0,50000,"Migrate opps from orphaned_district_id to valid_district_id, then retire orphaned ID"
SCITUATE SCHOOL DEPARTMENT,RI,17592296978956,4400960,0,0,5,0,0,0,17592284318957,1,50000,1,0,0,50000,"Migrate opps from orphaned_district_id to valid_district_id, then retire orphaned ID"
WINSTON-SALEM /FORSYTH COUNTY SCHOOLS,NC,17592295236381,3701500,0,0,79,0,0,0,17592284319137,1,50000,1,0,0,50000,"Migrate opps from orphaned_district_id to valid_district_id, then retire orphaned ID"
NORRISTOWN AREA SCHOOL DISTRICT,PA,17592295205021,4216980,0,0,12,0,0,0,17592284319234,1,50000,1,0,0,50000,"Migrate opps from orphaned_district_id to valid_district_id, then retire orphaned ID"
CLYDE-GREEN SPRINGS EXEMPTED VILLAGE SCHOOL DISTRICT,OH,17592296946813,3910020,0,0,4,0,0,0,17592284319369,1,50000,1,0,0,50000,"Migrate opps from orphaned_district_id to valid_district_id, then retire orphaned ID"
EMPIRE UNION SCHOOL DISTRICT,CA,17592295306242,612690,0,0,6,0,0,0,17592188152835,3,47937,1,0,0,47937,"Migrate opps from orphaned_district_id to valid_district_id, then retire orphaned ID"
ROYAL INDEPENDENT SCHOOL DISTRICT,TX,17592296969394,4838190,0,0,5,0,0,0,17592284311274,2,47000,1,0,0,47000,"Migrate opps from orphaned_district_id to valid_district_id, then retire orphaned ID"
LEVITTOWN SCHOOL DISTRICT,NY,17592295268367,3617160,0,0,9,0,0,0,17592188519013,8,42710,1,0,0,42710,"Migrate opps from orphaned_district_id to valid_district_id, then retire orphaned ID"
ACCELERATED INTERDISCIPLINARY INTERMEDIATE ACADEMY,TX,17592295269733,4800192,0,0,2,0,0,0,17592284314931,1,41000,1,0,0,41000,"Migrate opps from orphaned_district_id to valid_district_id, then retire orphaned ID"
LAURENS COUNTY SCHOOL DISTRICT 56,SC,17592296950445,4502640,0,0,5,0,0,0,17592284311282,3,40500,1,0,0,40500,"Migrate opps from orphaned_district_id to valid_district_id, then retire orphaned ID"
TEXARKANA INDEPENDENT SCHOOL DISTRICT,TX,17592295195057,4842480,0,0,12,0,0,0,17592284311636,1,40000,1,0,0,40000,"Migrate opps from orphaned_district_id to valid_district_id, then retire orphaned ID"
SAN BRUNO PARK SCHOOL DISTRICT,CA,17592295278877,634230,0,0,5,0,0,1,17592284312115,1,36000,1,0,0,36000,"Migrate opps from orphaned_district_id to valid_district_id, then retire orphaned ID"
REDBANK VALLEY SCHOOL DISTRICT,PA,17592296978195,4220130,0,0,3,0,0,0,17592284315643,1,35750,1,0,0,35750,"Migrate opps from orphaned_district_id to valid_district_id, then retire orphaned ID"
GOOCHLAND COUNTY PUBLIC SCHOOLS,VA,17592296981070,5101650,0,0,6,0,0,0,17592284313514,1,35000,1,0,0,35000,"Migrate opps from orphaned_district_id to valid_district_id, then retire orphaned ID"
PLEASANTON INDEPENDENT SCHOOL DISTRICT,TX,17592295294183,4835190,0,0,5,0,0,0,17592284315337,1,35000,1,0,0,35000,"Migrate opps from orphaned_district_id to valid_district_id, then retire orphaned ID"
NEW YORK INSTITUTE OF TECHNOLOGY,NY,17592295201812,194091,0,0,2,0,0,0,17592188087578,4,33072,1,0,0,33072,"Migrate opps from orphaned_district_id to valid_district_id, then retire orphaned ID"
NORTHPORT - EAST NORTHPORT SCHOOL DISTRICT,NY,17592295338101,3621270,0,0,9,0,0,0,17592188084838,4,31074.55,1,0,0,31074.55,"Migrate opps from orphaned_district_id to valid_district_id, then retire orphaned ID"
COLD SPRING HARBOR CENTRAL SCHOOL DISTRICT,NY,17592297007426,3608010,0,0,3,0,0,0,17592188843453,7,30675.55,1,0,0,30675.55,"Migrate opps from orphaned_district_id to valid_district_id, then retire orphaned ID"
BEEVILLE INDEPENDENT SCHOOL DISTRICT,TX,17592295199703,4809720,0,0,7,0,0,0,17592284312521,2,30000,1,0,0,30000,"Migrate opps from orphaned_district_id to valid_district_id, then retire orphaned ID"
UPPER MORELAND TOWNSHIP SCHOOL DISTRICT,PA,17592296975838,4224510,0,0,3,0,0,0,17592284312177,1,30000,1,0,0,30000,"Migrate opps from orphaned_district_id to valid_district_id, then retire orphaned ID"
ELIZABETH CITY-PASQUOTANK COUNTY SCHOOLS,NC,17592296951308,3703540,0,0,13,0,0,0,17592284312392,1,30000,1,0,0,30000,"Migrate opps from orphaned_district_id to valid_district_id, then retire orphaned ID"
TAYLOR INDEPENDENT SCHOOL DISTRICT,TX,17592295308516,4842280,0,0,8,0,0,0,17592284319154,1,30000,1,0,0,30000,"Migrate opps from orphaned_district_id to valid_district_id, then retire orphaned ID"
GATEWAY COMMUNITY COLLEGE,AZ,17592295271368,105145,0,0,1,0,0,0,17592188843439,2,27781.2,1,0,0,27781.2,"Migrate opps from orphaned_district_id to valid_district_id, then retire orphaned ID"
SAYVILLE SCHOOL DISTRICT,NY,17592297007440,3625920,0,0,5,0,0,0,17592188522266,7,26715,1,0,0,26715,"Migrate opps from orphaned_district_id to valid_district_id, then retire orphaned ID"
COALINGA-HURON UNIFIED SCHOOL DISTRICT,CA,17592296969013,609120,0,0,5,0,0,0,17592190777604,1,26000,1,0,0,26000,"Migrate opps from orphaned_district_id to valid_district_id, then retire orphaned ID"
JAMESTOWN ELEMENTARY SCHOOL DISTRICT,CA,17592296943391,618690,0,0,2,0,0,0,17592284313753,1,26000,1,0,0,26000,"Migrate opps from orphaned_district_id to valid_district_id, then retire orphaned ID"
PLANO INDEPENDENT SCHOOL DISTRICT,TX,17592295306505,4835100,0,0,83,0,0,0,17592284310344,1,25000,1,0,0,25000,"Migrate opps from orphaned_district_id to valid_district_id, then retire orphaned ID"
CANUTILLO INDEPENDENT SCHOOL DISTRICT,TX,17592296964076,4812780,0,0,11,0,0,0,17592284310942,1,25000,1,0,0,25000,"Migrate opps from orphaned_district_id to valid_district_id, then retire orphaned ID"
BEACHWOOD CITY SCHOOL DISTRICT,OH,17592295253714,3904355,0,0,5,0,0,0,17592284313117,1,25000,1,0,0,25000,"Migrate opps from orphaned_district_id to valid_district_id, then retire orphaned ID"
PIQUA CITY SCHOOL DISTRICT,OH,17592295348819,3904464,0,0,5,0,0,0,17592284314570,1,25000,1,0,0,25000,"Migrate opps from orphaned_district_id to valid_district_id, then retire orphaned ID"
DEER PARK UNION FREE SCHOOL DISTRICT,NY,17592297007414,3608880,0,0,5,0,0,0,17592284316223,1,25000,1,0,0,25000,"Migrate opps from orphaned_district_id to valid_district_id, then retire orphaned ID"
LANCASTER INDEPENDENT SCHOOL DISTRICT,TX,17592296967158,4826670,0,0,11,0,0,0,17592284316898,1,25000,1,0,0,25000,"Migrate opps from orphaned_district_id to valid_district_id, then retire orphaned ID"
KENNARD INDEPENDENT SCHOOL DISTRICT,TX,17592296966861,4825470,0,0,2,0,0,0,17592284317972,1,25000,1,0,0,25000,"Migrate opps from orphaned_district_id to valid_district_id, then retire orphaned ID"
OCEAN BEACH SCHOOL DISTRICT,WA,17592296981118,5306060,0,0,6,0,0,0,17592284318247,1,25000,1,0,0,25000,"Migrate opps from orphaned_district_id to valid_district_id, then retire orphaned ID"
LAREDO INDEPENDENT SCHOOL DISTRICT,TX,17592296967180,4826790,0,0,34,0,0,0,17592284318249,1,25000,1,0,0,25000,"Migrate opps from orphaned_district_id to valid_district_id, then retire orphaned ID"
SIDNEY CITY SCHOOL DISTRICT,OH,17592296951316,3910003,0,0,7,0,0,0,17592284318504,1,25000,1,0,0,25000,"Migrate opps from orphaned_district_id to valid_district_id, then retire orphaned ID"
DILLEY INDEPENDENT SCHOOL DISTRICT,TX,17592296964962,4817100,0,0,3,0,0,0,17592284319143,1,25000,1,0,0,25000,"Migrate opps from orphaned_district_id to valid_district_id, then retire orphaned ID"
AMBASSADORS PREPARATORY ACADEMY (DISTRICT),TX,17592296963125,4800284,0,0,1,0,0,0,17592284312843,1,24999,1,0,0,24999,"Migrate opps from orphaned_district_id to valid_district_id, then retire orphaned ID"
JUBILEE ACADEMIC CENTER,TX,17592296966755,4800179,0,0,13,0,0,0,17592284319394,1,24999,1,0,0,24999,"Migrate opps from orphaned_district_id to valid_district_id, then retire orphaned ID"
KINGS PARK SCHOOL DISTRICT,NY,17592297007433,3616260,0,0,5,0,0,0,17592188115674,5,22483,1,0,0,22483,"Migrate opps from orphaned_district_id to valid_district_id, then retire orphaned ID"
EAST ISLIP SCHOOL DISTRICT,NY,17592297007429,3609720,0,0,6,0,0,0,17592188432909,6,21950,1,0,0,21950,"Migrate opps from orphaned_district_id to valid_district_id, then retire orphaned ID"
MINEOLA SCHOOL DISTRICT,NY,17592295293328,3619500,0,0,5,0,0,0,17592188520924,3,21500,1,0,0,21500,"Migrate opps from orphaned_district_id to valid_district_id, then retire orphaned ID"
EAST HAMPTON SCHOOL DISTRICT,NY,17592297007428,3609660,0,0,3,0,0,0,17592188160936,6,21134.5,1,0,0,21134.5,"Migrate opps from orphaned_district_id to valid_district_id, then retire orphaned ID"
UNIONDALE SCHOOL DISTRICT,NY,17592295300085,3629280,0,0,9,0,0,0,17592188036903,3,21044.8,1,0,0,21044.8,"Migrate opps from orphaned_district_id to valid_district_id, then retire orphaned ID"
CENTRAL ISLIP SCHOOL DISTRICT,NY,17592295338537,3606870,0,0,8,0,0,0,17592188431186,4,20950,1,0,0,20950,"Migrate opps from orphaned_district_id to valid_district_id, then retire orphaned ID"
SAN JOSE CHARTER ACADEMY DISTRICT,CA,17592295246758,601695,0,0,1,0,0,0,17592186174284,1,20160,1,0,0,20160,"Migrate opps from orphaned_district_id to valid_district_id, then retire orphaned ID"
EPIC CHARTER SCHOOL (DISTRICT),CA,17592295304854,601519,0,0,1,0,0,0,17592284312281,1,20000,1,0,0,20000,"Migrate opps from orphaned_district_id to valid_district_id, then retire orphaned ID"
ISLE OF WIGHT COUNTY PUBLIC SCHOOLS,VA,17592296978946,5102010,0,0,9,0,0,0,17592284312695,1,20000,1,0,0,20000,"Migrate opps from orphaned_district_id to valid_district_id, then retire orphaned ID"
TAFT INDEPENDENT SCHOOL DISTRICT,TX,17592296970211,4842060,0,0,3,0,0,0,17592284319002,1,20000,1,0,0,20000,"Migrate opps from orphaned_district_id to valid_district_id, then retire orphaned ID"
MARYSVILLE JOINT UNIFIED SCHOOL DISTRICT,CA,17592296945690,624090,0,0,16,0,0,0,17592284925966,1,20000,1,0,0,20000,"Migrate opps from orphaned_district_id to valid_district_id, then retire orphaned ID"
WHARTON INDEPENDENT SCHOOL DISTRICT,TX,17592296971054,4845380,0,0,4,0,0,0,17592231749409,2,19923.13,1,0,0,19923.13,"Migrate opps from orphaned_district_id to valid_district_id, then retire orphaned ID"
SANTA ROSA CITY SCHOOLS,CA,17592295371725,601329,0,0,2,0,0,0,17592284312573,1,19536,1,0,0,19536,"Migrate opps from orphaned_district_id to valid_district_id, then retire orphaned ID"
SHELDON ISD,TX,17592296969790,4839990,0,0,11,0,0,0,17592188055158,2,18150,1,0,0,18150,"Migrate opps from orphaned_district_id to valid_district_id, then retire orphaned ID"
POWHATAN COUNTY PUBLIC SCHOOLS,VA,17592295221783,5103030,0,0,6,0,0,0,17592284312974,1,18113,1,0,0,18113,"Migrate opps from orphaned_district_id to valid_district_id, then retire orphaned ID"
QUAKERTOWN COMMUNITY SCHOOL DISTRICT,PA,17592296981044,4219890,0,0,8,0,0,0,17592284311213,1,18000,1,0,0,18000,"Migrate opps from orphaned_district_id to valid_district_id, then retire orphaned ID"
HALF HOLLOW HILLS CENTRAL SCHOOL DISTRICT,NY,17592297007417,3613290,0,0,8,0,0,0,17592188518457,7,17524,1,0,0,17524,"Migrate opps from orphaned_district_id to valid_district_id, then retire orphaned ID"
SOUTHOLD SCHOOL DISTRICT,NY,17592297007442,3627620,0,0,2,0,0,0,17592188522870,1,15000,1,0,0,15000,"Migrate opps from orphaned_district_id to valid_district_id, then retire orphaned ID"
LAKE DALLAS INDEPENDENT SCHOOL DISTRICT,TX,17592295316861,4826430,0,0,5,0,0,0,17592284312020,1,15000,1,0,0,15000,"Migrate opps from orphaned_district_id to valid_district_id, then retire orphaned ID"
JEFFERSON UNION HIGH SCHOOL DISTRICT,CA,17592296943493,618930,0,0,6,0,0,0,17592284314036,1,15000,1,0,0,15000,"Migrate opps from orphaned_district_id to valid_district_id, then retire orphaned ID"
NORTH TEXAS COLLEGIATE ACADEMY,TX,17592296968390,4800187,0,0,3,0,0,0,17592284317431,1,15000,1,0,0,15000,"Migrate opps from orphaned_district_id to valid_district_id, then retire orphaned ID"
DELAWARE-CHENANGO-MADISON-OTSEGO BOCES,NY,17592296949160,3680260,0,0,1,0,0,0,17592284318292,1,15000,1,0,0,15000,"Migrate opps from orphaned_district_id to valid_district_id, then retire orphaned ID"
FERRIS INDEPENDENT SCHOOL DISTRICT,TX,17592295234421,4819170,0,0,5,0,0,0,17592284319673,1,15000,1,0,0,15000,"Migrate opps from orphaned_district_id to valid_district_id, then retire orphaned ID"
ANTELOPE VALLEY UNION HIGH SCHOOL DISTRICT,CA,17592295297371,602820,0,0,14,0,0,0,17592190778535,1,14300,1,0,0,14300,"Migrate opps from orphaned_district_id to valid_district_id, then retire orphaned ID"
GLEN COVE SCHOOL DISTRICT,NY,17592295351826,3612180,0,0,6,0,0,0,17592188148135,3,13018.5,1,0,0,13018.5,"Migrate opps from orphaned_district_id to valid_district_id, then retire orphaned ID"
THREE VILLAGE SCHOOL DISTRICT,NY,17592297007422,3628200,0,0,8,0,0,0,17592188523486,5,10950,1,0,0,10950,"Migrate opps from orphaned_district_id to valid_district_id, then retire orphaned ID"
WEST HEMPSTEAD SCHOOL DISTRICT,NY,17592295278600,3630660,0,0,5,0,0,0,17592188006343,2,10324,1,0,0,10324,"Migrate opps from orphaned_district_id to valid_district_id, then retire orphaned ID"
UNITED SCHOOL DISTRICT,PA,17592296949669,4224240,0,0,2,0,0,0,17592188843638,2,10000,1,0,0,10000,"Migrate opps from orphaned_district_id to valid_district_id, then retire orphaned ID"
SUFFERN CENTRAL SCHOOL DISTRICT,NY,17592296941826,3628320,0,0,7,0,0,0,17592188843797,2,10000,1,0,0,10000,"Migrate opps from orphaned_district_id to valid_district_id, then retire orphaned ID"
COPPERAS COVE INDEPENDENT SCHOOL DISTRICT,TX,17592296964579,4815240,0,0,10,0,0,0,17592284311055,2,10000,1,0,0,10000,"Migrate opps from orphaned_district_id to valid_district_id, then retire orphaned ID"
PENNSBURY SCHOOL DISTRICT,PA,17592295269530,4218840,0,0,15,0,0,0,17592284310505,1,10000,1,0,0,10000,"Migrate opps from orphaned_district_id to valid_district_id, then retire orphaned ID"
LAS CRUCES PUBLIC SCHOOLS,NM,17592296981491,3501500,0,0,40,0,0,0,17592284311028,1,10000,1,0,0,10000,"Migrate opps from orphaned_district_id to valid_district_id, then retire orphaned ID"
MARBLE FALLS INDEPENDENT SCHOOL DISTRICT,TX,17592295381118,4829010,0,0,7,0,0,0,17592284311552,1,10000,1,0,0,10000,"Migrate opps from orphaned_district_id to valid_district_id, then retire orphaned ID"
HIGHLAND PARK INDEPENDENT SCHOOL DISTRICT,TX,17592295249217,4823250,0,0,8,0,0,0,17592284312145,1,10000,1,0,0,10000,"Migrate opps from orphaned_district_id to valid_district_id, then retire orphaned ID"
EL MONTE CITY ELEMENTARY SCHOOL DISTRICT,CA,17592295196604,612090,0,0,15,0,0,0,17592284312376,1,10000,1,0,0,10000,"Migrate opps from orphaned_district_id to valid_district_id, then retire orphaned ID"
LASSEN VIEW UNION ELEMENTARY SCHOOL DISTRICT,CA,17592295248964,621090,0,0,1,0,0,0,17592284312687,1,10000,1,0,0,10000,"Migrate opps from orphaned_district_id to valid_district_id, then retire orphaned ID"
CALALLEN INDEPENDENT SCHOOL DISTRICT,TX,17592296963995,4812420,0,0,6,0,0,0,17592284314149,1,10000,1,0,0,10000,"Migrate opps from orphaned_district_id to valid_district_id, then retire orphaned ID"
DENISON INDEPENDENT SCHOOL DISTRICT,TX,17592296964889,4816710,0,0,9,0,0,0,17592284318346,1,10000,1,0,0,10000,"Migrate opps from orphaned_district_id to valid_district_id, then retire orphaned ID"
LAKE WORTH INDEPENDENT SCHOOL DISTRICT,TX,17592296967129,4826490,0,0,7,0,0,0,17592284319540,1,10000,1,0,0,10000,"Migrate opps from orphaned_district_id to valid_district_id, then retire orphaned ID"
TEXAS SOUTHERN UNIVERSITY,TX,17592296959925,229063,0,0,1,0,0,0,17592188843666,3,9800,1,0,0,9800,"Migrate opps from orphaned_district_id to valid_district_id, then retire orphaned ID"
PLAINEDGE PUBLIC SCHOOLS,NY,17592297007439,3623190,0,0,4,0,0,0,17592187996355,4,9650,1,0,0,9650,"Migrate opps from orphaned_district_id to valid_district_id, then retire orphaned ID"
SPRING INDEPENDENT SCHOOL DISTRICT,TX,17592296970029,4841220,0,0,38,0,0,0,17592285348348,2,8000,1,0,0,8000,"Migrate opps from orphaned_district_id to valid_district_id, then retire orphaned ID"
EAST MORICHES SCHOOL DISTRICT,NY,17592297007430,3609870,0,0,1,0,0,0,17592188432989,6,7987,1,0,0,7987,"Migrate opps from orphaned_district_id to valid_district_id, then retire orphaned ID"
MAUSTON SCHOOL DISTRICT,WI,17592295331577,5508850,0,0,7,0,0,0,17592284318000,1,6462.5,1,0,0,6462.5,"Migrate opps from orphaned_district_id to valid_district_id, then retire orphaned ID"
REMSENBURG - SPEONK,NY,17592295226690,3624420,0,0,1,0,0,0,17592188522044,1,5000,1,0,0,5000,"Migrate opps from orphaned_district_id to valid_district_id, then retire orphaned ID"
ST. JOHNS COUNTY PUBLIC SCHOOLS,FL,17592295197953,1201740,0,0,52,0,0,0,17592284317601,1,5000,1,0,0,5000,"Migrate opps from orphaned_district_id to valid_district_id, then retire orphaned ID"
ST. LUCIE COUNTY PUBLIC SCHOOLS,FL,17592295304455,1201770,0,0,54,0,0,0,17592284319259,1,5000,1,0,0,5000,"Migrate opps from orphaned_district_id to valid_district_id, then retire orphaned ID"
SHELTER ISLAND,NY,17592297007441,3626640,0,0,1,0,0,0,17592188522727,1,4200,1,0,0,4200,"Migrate opps from orphaned_district_id to valid_district_id, then retire orphaned ID"
UINTAH SD,UT,17592295261802,4901080,0,0,12,0,0,0,17592188037511,3,4116,1,0,0,4116,"Migrate opps from orphaned_district_id to valid_district_id, then retire orphaned ID"
BELLMORE PUBLIC SCHOOLS,NY,17592297007424,3604410,0,0,3,0,0,0,17592188429926,4,3040,1,0,0,3040,"Migrate opps from orphaned_district_id to valid_district_id, then retire orphaned ID"
FORT BEND ISD,TX,17592295305798,4819650,0,0,79,0,0,0,17592188843539,1,2464,1,0,0,2464,"Migrate opps from orphaned_district_id to valid_district_id, then retire orphaned ID"
VALLEY STREAM CENTRAL HIGH,NY,17592295319943,3629520,0,0,1,0,0,0,17592188010228,1,196,1,0,0,196,"Migrate opps from orphaned_district_id to valid_district_id, then retire orphaned ID"
UNIVERSITY OF SOUTH CAROLINA,SC,17592295252951,218742,0,0,3,0,0,0,17592291768145,1,0,1,0,0,0,"Migrate opps from orphaned_district_id to valid_district_id, then retire orphaned ID"
SANTEE SCHOOL DISTRICT,CA,17592295274147,635880,0,0,11,0,0,0,17592284319349,1,0,1,0,0,0,"Migrate opps from orphaned_district_id to valid_district_id, then retire orphaned ID"
SCOTLAND COUNTY SCHOOLS,NC,17592296950426,3704200,0,0,13,0,0,0,17592284318088,1,0,1,0,0,0,"Migrate opps from orphaned_district_id to valid_district_id, then retire orphaned ID"
ISLAND PARK SCHOOL DISTRICT,NY,17592295320507,3615480,0,0,2,0,0,0,17592188132125,1,0,1,0,0,0,"Migrate opps from orphaned_district_id to valid_district_id, then retire orphaned ID"
"ACADEMY OF BUSINESS, LAW, AND EDUCATION (ABLE) (DISTRICT)",CA,17592295235295,601628,0,0,1,0,0,0,17592284310680,1,0,1,0,0,0,"Migrate opps from orphaned_district_id to valid_district_id, then retire orphaned ID"
MIDLAND ISD,TX,17592295341639,4830570,0,0,41,0,0,0,17592284310387,1,0,1,0,0,0,"Migrate opps from orphaned_district_id to valid_district_id, then retire orphaned ID"
SOUTH COUNTRY CENTRAL SCHOOL DISTRICT,NY,17592295344442,3600008,0,0,5,0,0,0,17592188054139,1,0,1,0,0,0,"Migrate opps from orphaned_district_id to valid_district_id, then retire orphaned ID"
PRESIDIO MIDDLE SCHOOL,TX,17592295372644,4835800,0,0,2,0,0,0,17592188068256,1,0,1,0,0,0,"Migrate opps from orphaned_district_id to valid_district_id, then retire orphaned ID"
DENTON INDEPENDENT SCHOOL DISTRICT,TX,17592296964895,4816740,0,0,41,0,0,0,17592284318239,1,0,1,0,0,0,"Migrate opps from orphaned_district_id to valid_district_id, then retire orphaned ID"
LINGLEVILLE INDEPENDENT SCHOOL DISTRICT,TX,17592296967345,4827600,0,0,1,0,0,0,17592284314377,1,0,1,0,0,0,"Migrate opps from orphaned_district_id to valid_district_id, then retire orphaned ID"
